time,magnitude
2014-01-01T21:15:59,2.9
2014-01-02T02:40:45,2.1
2014-01-02T15:56:20,3.6
2014-01-08T01:43:53,4.0
2014-01-08T14:46:21,2.1
2014-01-09T07:29:26,2.8
2014-01-10T06:46:25,2.1
2014-01-10T13:50:53,6.5
2014-01-14T21:22:44,2.3
2014-01-16T08:16:23,2.3
2014-01-18T02:34:50,2.1
2014-01-24T01:44:17,2.1
2014-01-25T02:20:06,3.5
2014-01-25T02:55:01,3.5
2014-01-25T06:15:25,2.0
2014-01-27T07:28:10,3.2
2014-01-27T10:57:51,2.0
2014-01-28T04:53:22,2.7
2014-01-28T09:07:10,2.0
2014-01-28T13:05:40,2.1
2014-01-30T16:52:10,2.1
2014-02-01T07:11:03,2.1
2014-02-01T14:40:16,3.4
2014-02-03T06:40:05,2.3
2014-02-05T20:44:07,3.0
2014-02-07T08:24:24,2.5
2014-02-11T11:46:47,2.4
2014-02-12T23:23:19,2.0
2014-02-13T10:16:31,2.1
2014-02-14T11:26:02,2.3
2014-02-15T05:17:48,2.5
2014-02-15T13:07:21,2.6
2014-02-15T20:13:52,2.0
2014-02-16T07:23:53,2.1
2014-02-16T22:12:08,2.4
2014-02-18T11:22:28,2.2
2014-02-19T00:16:56,2.0
2014-02-20T05:50:40,2.4
2014-02-23T20:32:14,2.5
2014-02-26T15:40:11,2.4
2014-03-02T20:49:52,2.8
2014-03-03T15:07:56,2.4
2014-03-04T17:04:01,2.2
2014-03-06T14:19:47,2.3
2014-03-06T16:27:44,2.0
2014-03-07T04:15:55,3.3
2014-03-07T06:07:08,2.6
2014-03-08T07:38:41,2.1
2014-03-12T04:46:06,2.0
2014-03-13T18:28:49,2.6
2014-03-14T17:03:28,2.0
2014-03-15T05:06:23,3.8
2014-03-16T02:21:43,2.9
2014-03-17T01:16:45,2.0
2014-03-19T02:45:05,3.4
2014-03-21T01:15:29,2.4
2014-03-21T21:53:58,2.4
2014-03-22T01:21:57,3.4
2014-03-24T05:00:22,2.8
2014-03-24T19:00:45,2.6
2014-03-25T01:44:23,2.2
2014-03-26T11:55:46,2.0
2014-03-26T16:23:46,2.5
2014-03-26T22:01:46,2.5
2014-04-01T01:41:00,2.1
2014-04-01T06:49:44,2.3
2014-04-02T08:30:04,2.0
2014-04-02T15:15:11,2.1
2014-04-06T04:35:39,2.3
2014-04-06T17:23:10,2.2
2014-04-09T00:00:31,3.9
2014-04-09T23:55:06,2.1
2014-04-10T17:40:26,4.0
2014-04-11T02:40:39,2.2
2014-04-11T12:42:34,2.3
2014-04-11T14:28:29,3.1
2014-04-12T16:04:05,4.3
2014-04-13T17:38:25,2.1
2014-04-14T18:40:07,2.2
2014-04-17T05:03:36,2.4
2014-04-19T15:10:06,3.1
2014-04-20T01:00:41,2.6
2014-04-22T19:46:37,3.0
2014-04-23T01:42:00,3.8
2014-04-23T22:18:53,2.3
2014-04-25T13:01:02,2.2
2014-04-26T10:41:57,2.3
2014-05-01T15:22:18,3.8
2014-05-02T02:03:00,2.1
2014-05-02T15:16:21,2.1
2014-05-03T06:52:29,2.3
2014-05-05T19:25:53,2.1
2014-05-06T17:02:03,2.9
2014-05-09T10:25:08,2.2
2014-05-09T18:03:06,3.1
2014-05-10T03:48:47,2.4
2014-05-11T00:51:06,2.3
2014-05-11T06:01:24,2.2
2014-05-13T02:39:45,2.2
2014-05-13T20:52:02,2.1
2014-05-14T01:29:57,2.4
2014-05-16T03:20:04,2.6
2014-05-16T12:01:30,2.5
2014-05-17T00:02:48,2.0
2014-05-17T03:28:33,2.3
2014-05-18T18:42:55,2.3
2014-05-20T18:07:14,2.4
2014-05-21T16:52:16,2.6
2014-05-21T20:13:17,3.2
2014-05-21T23:43:53,2.9
2014-05-24T13:07:26,2.1
2014-05-25T20:15:07,2.3
2014-05-29T09:44:28,2.9
2014-05-30T01:25:01,2.4
2014-05-30T15:25:49,2.4
2014-06-01T15:17:36,2.1
2014-06-01T22:10:32,2.5
2014-06-04T07:35:15,2.9
2014-06-04T14:47:01,4.0
2014-06-05T00:05:34,2.0
2014-06-07T22:56:41,2.0
2014-06-08T02:33:08,2.1
2014-06-09T21:28:11,4.0
2014-06-10T17:46:33,2.1
2014-06-10T20:47:48,2.6
2014-06-12T06:32:43,2.3
2014-06-12T21:51:07,2.8
2014-06-13T04:21:24,2.1
2014-06-13T07:22:04,2.0
2014-06-15T05:48:36,2.4
2014-06-16T03:25:37,3.0
2014-06-16T20:03:35,2.0
2014-06-19T15:58:58,2.2
2014-06-20T15:51:19,2.3
2014-06-21T19:51:11,2.1
2014-06-22T11:11:38,2.2
2014-06-24T09:18:27,3.0
2014-06-25T11:04:20,2.6
2014-06-26T05:35:46,2.2
2014-06-29T19:59:53,2.0
2014-07-01T21:10:48,2.1
2014-07-02T11:48:25,2.0
2014-07-03T02:38:51,3.5
2014-07-04T14:11:44,4.4
2014-07-04T18:56:53,3.3
2014-07-04T22:56:57,2.1
2014-07-05T16:30:51,3.6
2014-07-06T17:51:54,2.3
2014-07-07T11:42:32,2.0
2014-07-08T13:39:57,2.1
2014-07-09T22:55:16,2.4
2014-07-10T05:15:25,2.9
2014-07-11T22:10:20,2.0
2014-07-13T02:56:23,3.3
2014-07-13T10:36:32,2.0
2014-07-13T15:04:58,2.5
2014-07-13T23:04:44,2.7
2014-07-14T11:20:07,2.1
2014-07-17T11:02:14,2.0
2014-07-21T03:03:03,2.2
2014-07-25T14:24:43,2.1
2014-07-26T21:35:17,3.0
2014-07-29T07:50:43,2.3
2014-07-31T20:48:56,2.5
2014-08-02T06:20:54,2.7
2014-08-02T14:38:52,2.3
2014-08-03T12:15:29,2.3
2014-08-03T17:34:29,2.5
2014-08-04T20:53:48,2.0
2014-08-05T02:09:41,2.4
2014-08-05T11:56:09,2.1
2014-08-07T10:19:37,3.2
2014-08-07T17:49:11,2.0
2014-08-08T04:08:16,3.0
2014-08-08T19:16:10,2.1
2014-08-09T01:58:49,2.7
2014-08-09T14:03:30,2.3
2014-08-10T14:46:27,2.0
2014-08-14T20:58:34,2.2
2014-08-15T13:18:10,2.9
2014-08-16T18:19:27,2.4
2014-08-18T05:56:16,2.6
2014-08-19T16:25:24,2.0
2014-08-19T21:09:23,2.5
2014-08-20T11:38:47,2.5
2014-08-20T23:19:04,3.0
2014-08-21T05:18:03,2.3
2014-08-21T18:57:38,3.2
2014-08-22T04:01:56,2.2
2014-08-23T04:17:02,2.2
2014-08-23T11:37:42,2.0
2014-08-27T06:28:59,2.5
2014-08-27T16:28:49,2.7
2014-08-29T07:36:33,2.3
2014-09-02T02:26:26,2.0
2014-09-03T02:39:01,2.2
2014-09-04T03:28:55,3.0
2014-09-05T15:06:30,2.4
2014-09-06T15:05:42,2.1
2014-09-10T01:26:36,4.2
2014-09-10T18:21:49,2.3
2014-09-11T06:51:38,2.1
2014-09-11T15:35:07,2.3
2014-09-13T20:20:22,2.2
2014-09-14T10:00:37,2.0
2014-09-14T13:29:33,3.2
2014-09-14T16:43:40,2.0
2014-09-15T04:14:31,2.2
2014-09-15T08:20:36,4.3
2014-09-16T18:03:00,2.8
2014-09-17T14:26:06,2.1
2014-09-17T15:34:45,4.0
2014-09-21T00:35:02,2.4
2014-09-22T01:17:07,2.6
2014-09-23T02:49:48,2.8
2014-09-23T06:46:41,2.0
2014-09-23T19:33:28,2.5
2014-09-28T22:40:00,2.1
2014-09-29T14:17:25,2.7
2014-09-30T03:15:52,2.3
2014-09-30T06:00:34,2.6
2014-09-30T07:46:13,2.2
2014-09-30T20:33:08,2.3
2014-10-01T22:23:14,2.3
2014-10-02T08:57:09,2.1
2014-10-03T13:38:21,2.4
2014-10-06T13:55:36,3.0
2014-10-07T20:42:35,2.8
2014-10-10T00:45:17,2.4
2014-10-11T15:57:55,3.4
2014-10-12T05:48:22,2.0
2014-10-14T03:07:10,2.1
2014-10-14T09:28:03,2.0
2014-10-14T10:08:19,2.1
2014-10-18T19:55:16,3.0
2014-10-19T20:34:30,2.7
2014-10-24T07:38:36,2.1
2014-10-24T15:56:12,2.2
2014-10-25T03:54:29,2.4
2014-10-26T05:22:33,2.1
2014-10-27T04:15:55,4.1
2014-10-27T08:42:16,2.6
2014-10-29T08:15:43,2.2
2014-10-30T04:57:13,2.0
2014-11-02T17:34:40,2.0
2014-11-05T09:25:58,2.2
2014-11-06T12:22:22,2.2
2014-11-06T23:49:40,2.0
2014-11-07T07:38:01,2.9
2014-11-08T23:52:48,2.5
2014-11-09T01:47:52,2.7
2014-11-09T04:42:02,2.0
2014-11-09T15:33:36,2.1
2014-11-10T09:40:00,2.3
2014-11-10T15:05:35,2.1
2014-11-10T23:47:58,2.2
2014-11-13T05:01:01,2.5
2014-11-13T09:16:54,2.5
2014-11-14T07:53:31,2.0
2014-11-15T03:09:18,2.4
2014-11-16T14:50:40,2.3
2014-11-21T01:11:45,2.1
2014-11-23T03:41:13,2.8
2014-11-23T18:24:05,2.0
2014-11-24T12:41:14,2.3
2014-11-25T20:55:38,2.1
2014-11-26T12:34:55,2.7
2014-11-26T16:57:35,2.1
2014-11-27T20:22:58,2.3
2014-11-28T13:02:26,2.6
2014-11-28T14:15:55,2.9
2014-11-30T09:26:37,3.6
2014-11-30T11:37:43,2.0
2014-12-06T21:58:05,2.1
2014-12-08T11:18:00,2.1
2014-12-08T18:58:05,2.6
2014-12-11T05:57:24,2.1
2014-12-12T10:46:28,2.0
2014-12-12T19:43:07,2.4
2014-12-12T20:46:40,2.3
2014-12-13T16:09:20,2.0
2014-12-14T15:23:18,2.4
2014-12-15T19:19:37,2.1
2014-12-17T10:08:56,3.5
2014-12-22T21:42:51,2.0
2014-12-22T21:45:50,2.1
2014-12-23T11:51:12,2.4
2014-12-24T06:16:22,2.0
2014-12-25T12:11:31,2.0
2014-12-26T03:08:55,3.0
2014-12-26T08:18:00,2.5
2014-12-26T17:40:18,3.6
2014-12-26T23:40:13,2.2
2014-12-27T06:26:58,3.1
2014-12-28T05:48:28,2.2
2014-12-28T13:06:56,2.1
2014-12-28T20:45:19,2.1
2014-12-31T05:42:30,2.1
2014-12-31T15:28:29,3.0
2014-12-31T20:17:15,2.0
2015-01-01T11:26:38,2.2
2015-01-01T14:19:23,2.3
2015-01-06T12:18:11,2.3
2015-01-07T20:05:18,2.5
2015-01-09T01:59:08,2.4
2015-01-09T22:17:27,2.0
2015-01-10T08:15:07,2.2
2015-01-11T11:00:30,2.5
2015-01-11T12:11:31,2.3
2015-01-14T05:05:44,2.0
2015-01-14T05:23:01,2.1
2015-01-14T12:42:09,2.0
2015-01-16T14:54:22,2.4
2015-01-20T17:49:32,2.9
2015-01-21T14:29:18,2.0
2015-01-22T16:50:54,2.2
2015-01-23T10:56:30,2.2
2015-01-24T03:25:15,2.9
2015-01-24T15:51:45,2.0
2015-01-25T05:09:34,2.6
2015-01-25T15:22:21,3.4
2015-01-25T21:52:42,2.0
2015-01-26T09:10:34,2.2
2015-01-29T10:18:38,3.4
2015-01-29T13:32:05,2.0
2015-01-29T15:43:37,2.9
2015-01-30T17:28:06,2.2
2015-02-01T00:26:13,3.1
2015-02-05T04:28:43,2.1
2015-02-06T09:18:38,2.1
2015-02-06T12:32:09,2.1
2015-02-06T19:00:05,2.8
2015-02-09T02:50:35,2.4
2015-02-09T16:47:21,2.9
2015-02-10T16:16:59,2.1
2015-02-16T04:08:47,2.2
2015-02-16T08:49:16,2.6
2015-02-19T16:41:36,2.2
2015-02-19T17:02:38,2.0
2015-02-21T03:11:07,2.6
2015-02-21T12:01:32,2.6
2015-02-24T05:23:02,3.0
2015-02-24T06:23:45,2.9
2015-02-24T14:45:44,2.6
2015-02-25T00:01:24,2.3
2015-02-26T16:01:20,2.1
2015-02-26T16:32:20,2.4
2015-03-01T00:18:14,2.2
2015-03-02T21:34:23,2.0
2015-03-03T10:22:35,2.1
2015-03-04T09:10:59,4.4
2015-03-08T19:23:29,2.5
2015-03-10T23:36:52,2.7
2015-03-11T09:30:17,2.5
2015-03-11T10:52:07,2.4
2015-03-11T12:10:03,2.3
2015-03-11T20:17:01,2.3
2015-03-13T08:43:41,2.2
2015-03-13T21:02:08,2.1
2015-03-15T02:45:11,3.2
2015-03-16T03:59:29,3.5
2015-03-17T11:08:25,2.8
2015-03-17T15:29:37,2.6
2015-03-17T21:48:52,2.1
2015-03-18T07:28:54,2.3
2015-03-19T11:12:47,2.1
2015-03-23T03:18:47,2.5
2015-03-29T21:34:16,3.1
2015-03-30T12:28:13,3.0
2015-03-31T05:52:14,3.0
2015-03-31T22:25:18,2.0
2015-04-01T16:18:21,3.8
2015-04-06T00:10:51,2.5
2015-04-06T20:42:45,2.0
2015-04-07T00:10:10,2.0
2015-04-09T10:43:23,2.9
2015-04-11T07:52:44,3.3
2015-04-12T20:23:18,2.2
2015-04-13T19:02:33,2.1
2015-04-15T17:54:06,3.0
2015-04-16T02:25:42,2.3
2015-04-20T05:31:20,3.1
2015-04-21T09:14:07,2.6
2015-04-21T18:19:23,2.7
2015-04-23T11:41:17,2.9
2015-04-23T14:32:26,2.0
2015-04-28T09:03:29,3.8
2015-05-01T13:31:49,2.1
2015-05-01T18:45:27,3.8
2015-05-01T21:39:16,2.9
2015-05-03T15:10:55,2.7
2015-05-04T17:29:46,2.0
2015-05-05T22:04:11,2.3
2015-05-06T21:34:50,2.4
2015-05-07T09:09:43,2.0
2015-05-10T14:56:46,2.7
2015-05-10T17:21:49,2.4
2015-05-11T02:36:10,3.1
2015-05-11T05:17:51,2.1
2015-05-12T05:00:11,2.0
2015-05-13T09:28:54,2.4
2015-05-15T17:35:50,3.4
2015-05-16T05:08:39,2.4
2015-05-16T12:52:03,2.4
2015-05-19T11:51:06,2.3
2015-05-20T06:14:19,3.0
2015-05-23T22:39:46,2.3
2015-05-25T09:10:02,2.1
2015-05-25T09:31:30,3.1
2015-05-26T10:29:35,2.0
2015-05-28T21:25:24,2.3
2015-05-30T00:11:59,2.3
2015-05-30T02:54:29,2.0
2015-05-30T08:28:11,2.2
2015-05-31T09:14:46,2.1
2015-05-31T22:28:56,2.3
2015-06-01T09:18:37,2.0
2015-06-02T15:34:37,3.6
2015-06-02T15:43:54,2.2
2015-06-03T16:45:21,2.4
2015-06-05T20:46:38,3.0
2015-06-06T00:06:47,2.1
2015-06-06T17:29:41,2.6
2015-06-07T09:16:50,2.0
2015-06-07T16:23:51,2.3
2015-06-08T01:23:50,2.8
2015-06-09T09:08:22,2.2
2015-06-10T09:15:14,2.6
2015-06-10T14:40:41,2.0
2015-06-11T07:15:51,2.9
2015-06-11T10:40:15,2.4
2015-06-12T17:51:54,2.6
2015-06-14T05:23:53,2.0
2015-06-20T00:32:02,2.4
2015-06-20T18:03:13,2.6
2015-06-20T22:32:28,6.1
2015-06-21T11:29:35,2.0
2015-06-22T20:16:42,2.6
2015-06-23T03:58:18,3.8
2015-06-24T12:55:30,2.3
2015-06-24T17:00:55,2.4
2015-06-24T17:35:42,2.0
2015-06-26T04:25:33,2.1
2015-06-26T21:40:52,2.6
2015-06-27T23:41:31,2.3
2015-06-29T08:17:27,2.3
2015-06-30T06:14:45,2.0
2015-06-30T12:03:45,2.6
2015-07-04T00:03:02,2.2
2015-07-06T06:25:41,2.3
2015-07-06T21:19:47,2.3
2015-07-08T00:18:46,3.1
2015-07-08T01:43:59,2.1
2015-07-12T02:13:48,2.8
2015-07-13T17:26:48,2.0
2015-07-14T05:05:56,2.1
2015-07-18T13:58:56,2.1
2015-07-18T21:02:15,2.8
2015-07-20T01:10:15,2.5
2015-07-21T03:49:00,2.2
2015-07-21T10:47:47,2.4
2015-07-22T08:05:35,2.9
2015-07-23T12:15:52,2.3
2015-07-26T06:37:02,3.2
2015-07-28T05:25:11,2.2
2015-07-29T05:20:42,2.1
2015-08-02T10:19:24,2.3
2015-08-05T15:46:06,2.2
2015-08-06T08:43:06,2.3
2015-08-07T05:15:19,3.0
2015-08-08T07:38:15,2.0
2015-08-08T09:27:17,2.1
2015-08-08T16:34:25,2.3
2015-08-09T10:50:19,2.0
2015-08-09T13:35:14,2.0
2015-08-11T03:07:27,2.7
2015-08-15T00:48:54,3.2
2015-08-16T04:56:00,2.1
2015-08-18T01:05:00,2.0
2015-08-20T01:23:33,2.1
2015-08-23T20:07:55,2.2
2015-08-27T04:15:17,3.4
2015-08-28T05:11:34,2.7
2015-08-29T05:48:44,2.9
2015-08-29T07:05:35,2.2
2015-08-29T14:02:59,2.2
2015-08-30T20:10:05,2.3
2015-08-31T03:59:05,2.0
2015-08-31T18:58:42,2.0
2015-09-01T14:26:19,2.3
2015-09-02T14:54:23,2.0
2015-09-03T11:13:06,2.0
2015-09-04T02:16:01,2.5
2015-09-05T16:12:02,3.2
2015-09-05T17:55:13,2.9
2015-09-06T13:49:46,2.7
2015-09-06T16:42:17,2.1
2015-09-08T17:13:57,2.3
2015-09-08T23:48:19,2.2
2015-09-09T09:53:24,2.8
2015-09-13T18:11:50,2.0
2015-09-14T13:45:29,3.1
2015-09-15T16:12:22,3.9
2015-09-17T02:56:12,3.0
2015-09-17T20:13:08,3.5
2015-09-22T17:34:41,2.2
2015-09-22T18:50:45,2.1
2015-09-23T01:47:05,2.4
2015-09-24T05:20:58,2.8
2015-09-24T09:59:43,2.2
2015-09-24T13:10:12,2.1
2015-09-24T14:13:18,2.3
2015-09-28T08:19:47,2.0
2015-09-30T01:45:22,2.1
2015-10-01T20:49:22,2.2
2015-10-03T04:04:39,2.2
2015-10-04T17:22:46,2.2
2015-10-04T21:49:03,2.1
2015-10-08T23:17:19,2.2
2015-10-09T15:49:05,2.2
2015-10-13T11:08:48,2.0
2015-10-15T14:58:35,2.1
2015-10-15T21:02:31,2.0
2015-10-18T22:10:15,2.4
2015-10-18T22:42:18,2.0
2015-10-23T22:17:54,2.7
2015-10-24T06:10:59,2.7
2015-10-24T18:01:11,2.2
2015-10-27T03:54:55,2.1
2015-10-29T22:34:18,2.5
2015-10-29T23:11:31,2.1
2015-10-30T23:07:23,2.8
2015-11-01T08:31:06,2.3
2015-11-02T00:47:09,2.1
2015-11-02T03:33:54,2.0
2015-11-05T02:47:27,2.2
2015-11-06T19:07:26,2.3
2015-11-07T23:30:50,2.4
2015-11-09T17:47:10,4.6
2015-11-10T22:17:49,3.4
2015-11-11T09:35:51,2.0
2015-11-11T14:19:33,2.5
2015-11-11T19:36:16,2.8
2015-11-15T02:03:39,2.4
2015-11-18T00:52:07,2.8
2015-11-20T01:29:29,3.0
2015-11-23T07:27:52,3.0
2015-11-23T08:37:20,2.3
2015-11-23T19:20:32,3.7
2015-11-25T13:21:58,3.3
2015-11-26T06:00:14,2.5
2015-11-28T12:00:29,2.3
2015-12-01T15:25:10,2.0
2015-12-02T13:51:32,2.8
2015-12-02T15:14:30,2.0
2015-12-03T17:24:10,2.4
2015-12-05T12:11:40,2.1
2015-12-07T13:30:11,2.1
2015-12-07T22:17:38,2.0
2015-12-08T05:57:25,2.5
2015-12-12T09:56:27,3.1
2015-12-13T07:16:33,3.1
2015-12-13T13:52:13,2.2
2015-12-15T07:32:23,2.2
2015-12-15T14:37:55,2.4
2015-12-16T00:53:38,2.1
2015-12-16T13:50:32,2.1
2015-12-16T20:46:09,2.0
2015-12-16T21:49:19,2.5
2015-12-18T12:03:30,2.2
2015-12-20T07:39:39,2.6
2015-12-20T22:00:29,2.2
2015-12-21T05:59:51,2.0
2015-12-22T09:48:12,2.3
2015-12-23T10:53:04,2.8
2015-12-23T17:36:53,2.5
2015-12-23T23:04:42,2.5
2015-12-25T15:16:59,3.0
2015-12-26T11:31:27,2.0
2015-12-27T09:17:51,2.1
2015-12-28T07:05:53,2.8
2015-12-29T21:06:47,2.0
2015-12-30T06:03:08,2.1
2016-01-01T10:54:56,2.1
2016-01-03T09:25:46,2.6
2016-01-03T21:53:15,4.9
2016-01-04T05:57:28,2.1
2016-01-05T14:49:53,2.3
2016-01-06T07:31:34,2.2
2016-01-06T15:25:26,2.7
2016-01-07T15:14:40,2.9
2016-01-15T15:28:27,2.3
2016-01-18T03:38:32,3.2
2016-01-18T19:16:10,2.3
2016-01-18T21:51:02,2.9
2016-01-20T00:12:04,3.0
2016-01-20T16:18:17,3.3
2016-01-25T06:32:45,2.2
2016-01-26T07:48:54,2.4
2016-01-27T21:40:03,3.5
2016-01-28T01:49:23,3.7
2016-01-29T01:12:53,4.7
2016-01-29T18:47:57,2.0
2016-02-03T12:52:09,2.3
2016-02-04T14:03:17,2.0
2016-02-06T17:58:25,2.9
2016-02-06T22:59:09,2.8
2016-02-08T15:21:26,2.4
2016-02-10T14:32:20,2.1
2016-02-14T05:06:27,2.2
2016-02-17T02:06:29,3.2
2016-02-17T08:25:03,2.2
2016-02-17T23:03:21,2.4
2016-02-19T11:04:33,3.0
2016-02-21T01:19:18,2.1
2016-02-22T08:24:33,2.6
2016-02-23T00:42:12,2.0
2016-02-23T07:34:44,5.1
2016-02-23T08:32:49,3.2
2016-02-23T13:17:25,2.0
2016-02-24T03:07:30,2.0
2016-02-24T16:58:54,2.3
2016-02-28T20:39:14,2.1
2016-02-29T22:26:52,2.0
2016-03-03T02:33:00,2.1
2016-03-04T02:35:36,2.3
2016-03-04T10:59:12,2.7
2016-03-09T01:42:20,3.2
2016-03-11T04:42:36,2.8
2016-03-11T09:27:44,2.4
2016-03-12T12:01:07,2.4
2016-03-12T14:45:13,2.4
2016-03-14T09:05:39,2.2
2016-03-14T14:07:35,2.1
2016-03-14T19:15:09,2.8
2016-03-14T23:58:57,2.3
2016-03-17T13:18:50,2.3
2016-03-19T11:10:07,4.6
2016-03-19T19:31:33,2.9
2016-03-20T16:31:33,2.1
2016-03-21T03:30:12,3.0
2016-03-22T07:41:57,2.2
2016-03-23T17:46:32,2.4
2016-03-25T22:35:23,2.2
2016-03-28T06:50:05,2.6
2016-03-28T20:12:09,2.3
2016-04-01T21:36:45,2.0
2016-04-01T23:45:23,3.4
2016-04-02T20:25:20,2.8
2016-04-02T23:00:32,3.1
2016-04-03T06:03:48,2.9
2016-04-04T04:58:55,2.1
2016-04-04T13:20:37,2.6
2016-04-05T03:46:55,2.0
2016-04-06T20:42:19,2.0
2016-04-07T22:32:41,2.2
2016-04-08T15:35:33,4.4
2016-04-15T00:13:03,3.6
2016-04-15T15:21:09,2.4
2016-04-15T17:15:20,2.0
2016-04-16T03:35:07,2.1
2016-04-16T23:14:00,2.1
2016-04-19T03:50:52,2.9
2016-04-19T14:09:40,3.1
2016-04-22T07:26:19,2.0
2016-04-22T22:36:49,2.0
2016-04-24T20:50:06,2.0
2016-04-24T23:02:50,2.3
2016-04-27T19:41:22,2.0
2016-04-28T16:54:12,2.2
2016-04-28T21:30:22,2.3
2016-05-01T04:52:41,2.0
2016-05-02T09:48:08,2.4
2016-05-03T01:46:13,3.2
2016-05-03T14:09:09,2.3
2016-05-03T23:42:29,2.0
2016-05-04T12:45:56,3.2
2016-05-05T12:14:46,2.4
2016-05-06T08:14:01,2.9
2016-05-07T01:47:27,2.2
2016-05-07T05:19:15,2.1
2016-05-09T02:00:09,3.0
2016-05-10T00:49:04,2.1
2016-05-10T10:45:55,2.0
2016-05-11T06:38:58,2.0
2016-05-12T16:12:11,2.1
2016-05-13T09:12:10,2.1
2016-05-16T01:07:06,2.1
2016-05-17T02:34:47,2.7
2016-05-21T20:30:20,2.0
2016-05-21T22:57:59,2.1
2016-05-22T04:30:20,2.1
2016-05-25T19:20:29,2.1
2016-05-29T18:28:40,3.0
2016-05-31T22:59:19,2.1
2016-06-01T18:31:59,2.0
2016-06-03T14:47:15,2.4
2016-06-03T19:16:40,3.1
2016-06-04T03:57:46,3.5
2016-06-06T09:39:39,2.4
2016-06-07T02:50:35,2.1
2016-06-07T22:19:23,2.1
2016-06-09T09:03:44,2.1
2016-06-09T17:00:27,2.6
2016-06-09T17:18:45,2.0
2016-06-10T04:10:01,2.3
2016-06-10T21:06:36,2.3
2016-06-11T03:20:29,2.7
2016-06-11T09:19:31,2.7
2016-06-12T06:47:13,2.7
2016-06-13T13:01:08,2.2
2016-06-13T20:01:55,2.7
2016-06-15T08:16:31,2.1
2016-06-16T05:48:48,2.0
2016-06-16T11:31:39,2.4
2016-06-17T01:29:35,3.5
2016-06-17T02:54:23,2.4
2016-06-18T15:09:17,2.8
2016-06-19T06:35:08,2.2
2016-06-21T00:15:56,2.4
2016-06-22T12:57:20,2.1
2016-06-23T06:43:09,3.4
2016-06-24T08:25:45,2.6
2016-06-24T11:20:28,2.2
2016-06-25T00:42:53,2.3
2016-06-25T23:42:34,2.5
2016-06-26T03:02:07,2.2
2016-06-26T10:11:46,2.4
2016-06-27T03:57:35,2.1
2016-06-27T19:14:30,3.7
2016-06-28T03:00:56,2.0
2016-06-29T16:44:33,2.7
2016-06-30T06:49:05,2.0
2016-07-01T07:34:07,2.5
2016-07-01T12:22:18,2.1
2016-07-01T18:56:17,2.2
2016-07-02T07:47:13,3.4
2016-07-02T11:38:33,2.2
2016-07-03T05:19:05,2.1
2016-07-03T22:29:46,3.7
2016-07-04T14:23:44,2.0
2016-07-05T23:30:05,2.2
2016-07-06T12:31:09,2.1
2016-07-08T06:42:04,2.2
2016-07-09T00:43:13,2.0
2016-07-09T16:53:32,2.0
2016-07-10T15:39:12,2.3
2016-07-11T09:44:43,2.6
2016-07-13T02:15:26,3.8
2016-07-13T19:35:32,4.1
2016-07-13T22:54:45,2.0
2016-07-14T05:13:12,2.8
2016-07-15T01:37:57,2.0
2016-07-15T05:06:19,2.1
2016-07-15T16:41:26,2.3
2016-07-18T15:10:05,2.7
2016-07-19T19:18:52,2.4
2016-07-22T14:04:07,2.0
2016-07-22T15:11:15,2.5
2016-07-23T12:23:50,2.0
2016-07-23T17:20:52,3.3
2016-07-24T06:12:43,2.1
2016-07-24T10:43:36,2.3
2016-07-24T19:15:18,2.6
2016-07-28T07:08:03,2.0
2016-07-30T14:03:24,2.0
2016-07-30T16:26:34,3.2
2016-08-05T04:53:27,2.0
2016-08-05T18:25:33,2.0
2016-08-06T01:00:23,3.8
2016-08-06T09:41:22,2.1
2016-08-08T21:05:10,2.1
2016-08-09T02:20:41,2.6
2016-08-11T08:07:00,2.1
2016-08-13T06:18:16,2.0
2016-08-13T17:25:48,2.2
2016-08-13T22:55:08,2.1
2016-08-14T01:39:20,4.0
2016-08-15T09:05:17,2.3
2016-08-15T10:26:27,2.4
2016-08-15T18:32:29,2.3
2016-08-16T07:39:03,2.4
2016-08-16T17:36:39,2.1
2016-08-17T05:12:41,3.3
2016-08-18T15:17:10,4.6
2016-08-19T01:03:51,3.3
2016-08-20T20:40:21,2.0
2016-08-22T20:18:56,2.2
2016-08-25T21:05:34,2.3
2016-08-27T13:47:46,3.4
2016-08-28T16:00:07,2.1
2016-08-28T19:02:27,2.3
2016-08-29T15:18:11,2.9
2016-08-29T15:52:59,5.4
2016-09-01T16:45:27,2.0
2016-09-02T19:04:38,3.6
2016-09-03T15:18:35,3.0
2016-09-04T22:03:05,2.5
2016-09-06T22:18:36,2.8
2016-09-07T20:03:51,2.2
2016-09-08T21:22:38,2.2
2016-09-10T21:24:53,3.7
2016-09-13T14:50:40,2.4
2016-09-15T16:33:49,2.2
2016-09-16T10:10:47,2.2
2016-09-18T19:11:41,2.1
2016-09-19T05:41:22,3.2
2016-09-19T18:21:48,2.5
2016-09-20T21:11:24,2.2
2016-09-21T01:15:26,2.7
2016-09-25T13:00:39,2.0
2016-09-25T23:05:41,2.8
2016-09-27T04:51:03,2.3
2016-09-27T19:43:28,3.5
2016-09-28T02:54:33,2.1
2016-10-01T07:17:15,2.0
2016-10-01T20:49:29,2.1
2016-10-02T12:05:23,2.7
2016-10-03T15:59:48,2.3
2016-10-05T01:33:12,2.2
2016-10-05T19:18:45,2.3
2016-10-06T13:36:39,2.1
2016-10-06T18:20:30,2.8
2016-10-06T18:36:56,2.3
2016-10-07T17:43:29,2.0
2016-10-11T03:17:37,2.0
2016-10-11T11:13:20,2.5
2016-10-11T11:43:42,2.1
2016-10-11T16:10:04,2.7
2016-10-11T21:21:13,2.7
2016-10-14T18:45:53,3.1
2016-10-14T23:26:24,2.6
2016-10-16T11:34:37,2.0
2016-10-16T17:15:38,2.1
2016-10-18T15:57:19,2.1
2016-10-19T09:04:42,2.1
2016-10-21T02:14:22,2.1
2016-10-22T05:52:06,2.8
2016-10-22T22:40:57,2.2
2016-10-23T07:29:49,2.6
2016-10-23T12:57:07,2.2
2016-10-23T18:42:53,2.7
2016-10-27T09:01:16,2.2
2016-10-27T18:31:31,2.0
2016-10-29T08:11:15,2.6
2016-10-29T22:49:27,3.2
2016-11-02T07:12:33,2.1
2016-11-05T06:41:48,2.2
2016-11-05T16:43:25,2.5
2016-11-06T01:39:13,2.4
2016-11-06T09:38:54,2.2
2016-11-07T00:02:41,2.4
2016-11-07T04:07:46,4.0
2016-11-08T18:30:12,2.2
2016-11-10T07:04:24,2.3
2016-11-11T09:43:23,3.3
2016-11-13T01:38:32,2.5
2016-11-13T12:28:23,3.0
2016-11-15T02:58:18,2.3
2016-11-15T14:07:46,2.5
2016-11-17T02:37:36,2.0
2016-11-17T22:48:58,2.3
2016-11-19T19:34:52,2.1
2016-11-23T04:49:00,2.2
2016-11-24T15:26:40,2.4
2016-11-26T16:47:51,2.6
2016-11-29T11:17:36,3.1
2016-11-30T17:47:35,2.0
2016-12-01T12:03:36,2.1
2016-12-02T17:26:30,2.4
2016-12-05T13:14:04,2.4
2016-12-09T09:53:10,2.2
2016-12-10T07:41:16,2.0
2016-12-11T23:45:50,5.0
2016-12-13T08:03:17,2.7
2016-12-14T00:43:05,2.4
2016-12-14T01:31:35,2.2
2016-12-14T10:29:52,2.1
2016-12-14T16:08:15,2.0
2016-12-15T17:17:45,3.8
2016-12-16T05:23:08,2.3
2016-12-16T06:15:40,2.5
2016-12-18T10:57:47,3.1
2016-12-20T16:01:52,2.7
2016-12-20T16:54:03,3.5
2016-12-21T06:55:23,2.0
2016-12-21T21:22:35,5.5
2016-12-24T07:16:58,3.2
2016-12-24T13:36:24,2.7
2016-12-25T13:23:50,2.3
2016-12-26T04:30:55,2.9
2016-12-26T10:34:30,2.2
2016-12-27T13:00:52,2.0
2016-12-27T16:45:05,2.1
2016-12-28T05:42:08,2.6
2016-12-29T06:46:31,2.1
2016-12-29T09:15:58,3.1
2016-12-30T13:00:21,2.0
2016-12-31T05:52:05,2.2
2016-12-31T06:52:30,2.3
2017-01-01T04:23:45,2.1
2017-01-01T14:33:18,2.3
2017-01-01T15:33:36,2.7
2017-01-04T12:45:43,2.3
2017-01-04T14:55:25,3.3
2017-01-06T22:05:19,2.8
2017-01-07T19:24:54,3.2
2017-01-07T20:41:33,2.1
2017-01-09T09:28:55,3.4
2017-01-20T12:21:24,2.2
2017-01-21T12:04:18,2.1
2017-01-21T15:46:00,2.4
2017-01-21T19:58:35,2.9
2017-01-23T05:02:19,2.0
2017-01-23T18:39:00,2.7
2017-01-24T11:10:44,5.2
2017-01-24T17:35:26,2.4
2017-01-24T21:02:12,3.0
2017-01-25T21:39:57,2.0
2017-01-26T23:37:39,2.1
2017-01-27T02:02:13,2.0
2017-01-27T19:44:33,2.2
2017-01-28T13:36:08,2.6
2017-01-29T09:15:35,2.0
2017-01-29T11:43:48,2.4
2017-01-30T07:27:06,2.2
2017-01-31T05:52:08,2.3
2017-01-31T23:35:33,3.1
2017-02-01T15:36:05,2.7
2017-02-03T09:11:47,2.2
2017-02-05T13:53:23,2.0
2017-02-05T21:37:43,2.1
2017-02-06T10:04:13,2.7
2017-02-06T22:20:56,2.1
2017-02-07T10:52:50,2.0
2017-02-07T18:19:52,2.5
2017-02-09T02:55:05,2.4
2017-02-09T05:25:30,2.5
2017-02-09T12:08:12,2.1
2017-02-10T03:14:41,2.9
2017-02-10T11:40:29,2.1
2017-02-11T08:19:49,2.9
2017-02-14T06:00:22,4.1
2017-02-15T12:38:19,3.7
2017-02-15T16:48:46,3.3
2017-02-17T01:54:49,2.3
2017-02-17T16:44:31,3.6
2017-02-18T13:10:07,2.1
2017-02-19T07:16:47,2.0
2017-02-20T23:26:31,3.3
2017-02-21T19:52:50,2.5
2017-02-21T23:57:07,2.9
2017-02-24T05:02:49,2.4
2017-02-25T03:19:56,2.0
2017-02-25T14:47:20,2.5
2017-02-26T01:00:52,2.3
2017-02-27T15:09:07,2.4
2017-03-01T15:12:40,3.4
2017-03-04T19:42:44,2.1
2017-03-05T03:35:33,2.3
2017-03-09T01:37:44,2.1
2017-03-09T08:59:17,2.1
2017-03-09T11:11:24,2.2
2017-03-10T12:39:10,2.0
2017-03-11T22:15:32,2.2
2017-03-12T06:45:43,2.8
2017-03-12T23:16:16,2.0
2017-03-15T10:56:55,2.2
2017-03-16T01:49:02,2.5
2017-03-17T03:01:00,2.0
2017-03-17T18:03:13,2.1
2017-03-19T02:11:01,2.0
2017-03-19T15:52:05,2.3
2017-03-20T00:26:36,2.7
2017-03-21T23:25:05,2.8
2017-03-23T10:46:56,2.9
2017-03-24T21:34:35,2.0
2017-03-24T21:52:15,3.7
2017-03-24T23:43:37,2.0
2017-03-27T12:51:49,3.0
2017-03-27T19:32:27,2.6
2017-03-28T03:45:29,2.0
2017-03-28T23:32:08,2.3
2017-03-29T13:30:06,3.4
2017-03-31T10:05:58,2.8
2017-04-02T08:58:52,2.7
2017-04-02T15:39:31,2.0
2017-04-04T21:56:10,2.0
2017-04-07T10:26:28,2.0
2017-04-09T05:36:18,2.4
2017-04-09T08:12:15,2.0
2017-04-09T19:39:02,2.0
2017-04-12T17:10:06,2.3
2017-04-13T00:02:45,2.1
2017-04-13T01:17:12,2.2
2017-04-13T23:45:07,2.0
2017-04-14T18:59:22,2.4
2017-04-15T22:01:31,2.0
2017-04-17T02:27:15,2.0
2017-04-19T11:33:01,2.1
2017-04-20T03:28:57,2.3
2017-04-21T22:07:06,2.8
2017-04-22T03:21:13,2.1
2017-04-23T01:50:38,2.1
2017-04-23T18:48:59,2.4
2017-04-24T00:38:37,2.4
2017-04-24T21:59:24,2.0
2017-04-25T04:59:18,2.1
2017-04-26T22:28:36,2.0
2017-05-01T16:20:32,3.2
2017-05-02T18:29:17,3.4
2017-05-06T21:13:59,2.1
2017-05-08T03:32:19,2.2
2017-05-09T08:51:20,2.5
2017-05-09T13:48:44,2.4
2017-05-10T16:34:29,2.8
2017-05-11T00:12:26,2.0
2017-05-11T02:34:36,2.2
2017-05-13T20:49:24,2.2
2017-05-15T01:46:54,2.9
2017-05-16T08:30:13,2.0
2017-05-17T20:50:23,2.1
2017-05-19T01:43:29,2.6
2017-05-19T09:53:47,2.3
2017-05-22T10:38:30,3.0
2017-05-25T03:23:13,2.1
2017-05-26T22:54:18,2.2
2017-05-27T02:21:14,2.6
2017-05-27T21:09:59,2.0
2017-05-27T21:21:01,2.2
2017-05-28T01:29:42,2.2
2017-05-31T12:35:48,2.0
2017-06-02T10:17:06,2.2
2017-06-04T00:11:01,2.2
2017-06-08T18:07:54,2.0
2017-06-11T09:29:28,2.5
2017-06-14T18:29:56,2.1
2017-06-14T21:49:00,2.5
2017-06-14T23:15:06,2.7
2017-06-15T05:20:14,2.3
2017-06-19T06:01:05,2.6
2017-06-19T17:25:36,2.1
2017-06-25T03:58:48,2.9
2017-06-25T05:57:38,2.8
2017-06-26T23:58:51,2.2
2017-06-27T22:17:16,2.5
2017-07-01T01:03:49,2.6
2017-07-04T15:24:02,3.3
2017-07-04T16:37:39,2.5
2017-07-06T08:31:57,2.6
2017-07-07T06:29:54,2.1
2017-07-07T20:58:13,2.4
2017-07-08T02:30:59,2.3
2017-07-09T01:55:45,2.0
2017-07-12T23:18:35,2.1
2017-07-13T15:53:26,3.1
2017-07-13T22:03:25,2.1
2017-07-17T13:23:16,2.8
2017-07-17T19:40:46,3.9
2017-07-18T01:39:07,2.4
2017-07-18T14:45:21,2.1
2017-07-19T16:12:38,2.0
2017-07-19T17:38:11,2.1
2017-07-22T05:06:34,2.1
2017-07-23T16:43:56,2.9
2017-07-25T08:27:49,3.0
2017-07-27T00:25:18,3.4
2017-07-28T00:08:50,2.6
2017-07-28T05:44:01,2.1
2017-07-30T16:17:17,2.3
2017-08-02T13:01:33,2.3
2017-08-02T21:41:25,2.2
2017-08-02T21:54:23,2.9
2017-08-04T03:34:16,2.5
2017-08-05T00:59:29,4.2
2017-08-05T06:53:53,3.7
2017-08-08T10:58:24,2.4
2017-08-15T03:03:28,3.4
2017-08-17T10:08:44,2.0
2017-08-18T06:54:40,3.0
2017-08-18T07:34:56,2.7
2017-08-22T01:13:38,2.7
2017-08-24T11:49:04,2.6
2017-08-25T21:49:04,2.4
2017-08-29T17:01:38,2.7
2017-08-29T22:40:21,2.8
2017-08-30T21:05:31,2.6
2017-08-31T12:18:07,2.0
2017-09-01T00:11:48,2.5
2017-09-02T01:23:57,4.4
2017-09-02T02:40:36,2.8
2017-09-02T03:24:05,2.7
2017-09-06T13:06:21,2.4
2017-09-07T05:05:43,3.8
2017-09-07T09:45:39,2.0
2017-09-10T11:13:08,4.8
2017-09-10T12:30:11,3.0
2017-09-10T22:00:55,2.4
2017-09-11T15:24:58,2.0
2017-09-11T23:36:21,2.5
2017-09-12T08:56:41,2.3
2017-09-12T18:14:31,3.0
2017-09-12T20:38:48,2.5
2017-09-13T02:12:33,2.7
2017-09-14T18:54:53,3.0
2017-09-14T21:03:20,2.5
2017-09-15T12:27:41,2.4
2017-09-16T03:31:54,2.6
2017-09-16T05:11:39,3.0
2017-09-18T04:35:34,2.2
2017-09-18T21:14:29,3.6
2017-09-19T22:01:53,4.1
2017-09-20T04:32:29,3.5
2017-09-20T15:35:17,3.0
2017-09-21T07:04:51,2.0
2017-09-21T15:14:11,2.9
2017-09-24T03:51:11,2.5
2017-09-26T04:49:28,2.6
2017-09-27T17:30:52,2.2
2017-09-27T18:57:47,2.0
2017-09-28T08:02:49,3.2
2017-09-28T09:53:40,2.4
2017-10-02T02:44:40,2.5
2017-10-02T17:50:49,3.1
2017-10-05T00:32:09,2.2
2017-10-05T14:18:18,2.3
2017-10-06T13:40:53,2.1
2017-10-06T14:24:06,3.3
2017-10-06T16:34:21,2.1
2017-10-07T23:11:32,2.2
2017-10-08T17:51:06,2.9
2017-10-09T06:12:57,2.3
2017-10-09T10:28:54,3.3
2017-10-14T07:22:22,3.0
2017-10-14T16:13:07,4.1
2017-10-15T05:26:14,2.1
2017-10-17T10:48:04,2.0
2017-10-19T20:02:55,3.4
2017-10-23T06:49:58,2.3
2017-10-24T07:25:09,2.3
2017-10-25T02:14:05,2.3
2017-10-25T05:56:03,2.2
2017-10-26T21:13:40,2.1
2017-10-27T09:35:06,2.4
2017-10-27T23:25:40,2.4
2017-10-28T14:41:46,2.6
2017-10-29T08:59:47,2.3
2017-10-30T13:08:10,2.0
2017-10-31T16:49:40,2.6
2017-11-03T12:21:28,2.2
2017-11-04T20:01:51,2.2
2017-11-05T09:38:11,2.3
2017-11-09T04:12:50,3.4
2017-11-10T09:12:28,2.5
2017-11-11T22:59:11,2.2
2017-11-12T03:03:57,2.2
2017-11-15T18:56:40,2.6
2017-11-16T10:16:17,2.7
2017-11-16T20:19:08,3.5
2017-11-17T01:09:27,2.1
2017-11-17T07:05:28,2.1
2017-11-18T09:50:02,2.3
2017-11-18T21:21:10,2.6
2017-11-19T18:22:18,3.1
2017-11-19T19:19:09,2.9
2017-11-22T09:53:09,2.1
2017-11-22T14:02:13,2.8
2017-11-30T07:11:24,2.2
2017-12-01T10:00:49,2.8
2017-12-01T16:20:42,2.3
2017-12-02T17:06:17,3.8
2017-12-03T07:00:17,2.2
2017-12-04T11:34:38,2.0
2017-12-05T21:24:19,3.6
2017-12-06T00:53:18,3.4
2017-12-06T10:24:14,3.4
2017-12-07T02:34:29,2.5
2017-12-07T13:46:30,3.2
2017-12-13T07:56:59,2.8
2017-12-16T14:52:14,2.6
2017-12-20T02:34:32,2.0
2017-12-21T12:08:07,2.1
2017-12-23T03:53:27,2.4
2017-12-28T03:49:56,3.1
2017-12-29T06:05:04,4.0
2017-12-29T18:34:50,4.5
2018-01-01T11:22:06,2.0
2018-01-01T19:02:46,2.2
2018-01-01T21:30:15,2.3
2018-01-03T23:58:06,2.5
2018-01-09T19:10:59,2.3
2018-01-10T03:49:33,3.1
2018-01-11T12:58:50,2.0
2018-01-11T19:57:40,2.2
2018-01-12T15:26:36,2.5
2018-01-14T00:27:22,2.3
2018-01-14T06:32:17,2.5
2018-01-16T23:30:30,2.4
2018-01-17T20:36:20,4.0
2018-01-18T02:17:25,2.6
2018-01-21T00:38:31,2.4
2018-01-23T12:36:59,2.8
2018-01-26T16:51:50,2.7
2018-01-31T07:50:14,2.4
2018-01-31T16:20:02,2.1
2018-01-31T17:14:07,2.1
2018-02-02T11:40:53,3.0
2018-02-03T05:50:47,2.6
2018-02-03T12:50:30,2.1
2018-02-04T02:37:29,3.0
2018-02-04T03:44:30,2.3
2018-02-05T01:15:19,2.8
2018-02-05T12:49:38,3.8
2018-02-07T18:23:27,2.2
2018-02-08T07:52:53,2.4
2018-02-08T17:11:04,2.1
2018-02-09T01:16:45,2.2
2018-02-09T06:01:40,2.1
2018-02-09T14:25:53,2.3
2018-02-10T05:46:13,2.3
2018-02-10T09:57:22,2.0
2018-02-12T12:23:28,2.5
2018-02-13T04:28:32,2.7
2018-02-13T11:20:24,2.1
2018-02-13T12:19:54,2.2
2018-02-14T06:48:21,2.9
2018-02-14T11:44:48,2.0
2018-02-15T13:05:58,2.5
2018-02-18T16:15:50,2.2
2018-02-18T23:56:16,3.4
2018-02-21T00:38:22,2.2
2018-02-22T21:04:20,2.4
2018-02-23T04:57:47,2.1
2018-02-24T08:48:21,2.0
2018-02-27T06:05:54,2.6
2018-02-27T11:49:35,2.3
2018-02-28T01:18:53,2.1
2018-02-28T12:45:45,2.7
2018-02-28T12:49:59,2.1
2018-03-01T21:10:37,2.8
2018-03-01T21:42:27,2.5
2018-03-02T13:37:35,2.4
2018-03-03T20:25:22,2.8
2018-03-03T23:09:23,2.4
2018-03-05T00:21:15,2.3
2018-03-07T09:09:15,2.8
2018-03-08T07:49:29,2.4
2018-03-09T04:19:49,2.2
2018-03-10T21:14:54,2.1
2018-03-11T09:12:34,3.9
2018-03-13T16:46:26,2.4
2018-03-15T14:05:00,2.1
2018-03-17T16:54:49,2.1
2018-03-18T00:08:34,3.3
2018-03-20T09:07:22,2.1
2018-03-21T10:23:55,2.1
2018-03-21T14:33:42,2.0
2018-03-22T13:19:09,2.8
2018-03-22T14:20:43,2.0
2018-03-24T22:27:04,3.0
2018-03-26T18:44:26,2.2
2018-03-27T18:57:59,2.8
2018-03-29T19:23:49,2.7
2018-04-01T02:27:21,2.0
2018-04-01T03:38:13,3.1
2018-04-01T12:33:36,2.7
2018-04-03T19:15:22,2.6
2018-04-05T04:30:45,2.5
2018-04-06T12:44:39,3.1
2018-04-10T18:42:33,2.0
2018-04-13T17:34:46,2.5
2018-04-14T02:56:42,2.6
2018-04-15T02:36:33,2.0
2018-04-15T13:01:36,3.1
2018-04-17T12:42:29,2.8
2018-04-18T05:39:24,2.2
2018-04-18T19:41:36,2.2
2018-04-19T08:21:02,2.9
2018-04-20T23:24:52,2.9
2018-04-22T20:15:47,2.4
2018-04-23T04:13:49,2.5
2018-04-24T04:29:34,2.1
2018-04-25T07:15:50,2.0
2018-04-25T22:03:28,2.2
2018-04-26T02:30:29,2.0
2018-04-27T04:34:26,2.0
2018-04-28T02:13:18,2.0
2018-04-28T21:51:55,2.2
2018-04-29T02:57:25,2.2
2018-04-29T04:09:54,4.3
2018-05-02T15:55:43,2.7
2018-05-06T19:25:58,2.9
2018-05-08T00:05:27,2.3
2018-05-08T03:00:36,2.2
2018-05-09T02:26:19,2.1
2018-05-09T07:53:37,2.7
2018-05-12T21:19:14,2.3
2018-05-15T09:34:00,2.2
2018-05-17T22:53:00,2.9
2018-05-18T16:07:14,2.1
2018-05-21T22:39:17,3.7
2018-05-22T17:55:01,2.3
2018-05-23T03:35:02,2.0
2018-05-25T03:46:36,2.3
2018-05-28T11:53:15,2.2
2018-05-28T23:39:48,2.2
2018-05-29T05:38:30,3.3
2018-06-02T17:48:54,2.4
2018-06-03T11:17:39,2.0
2018-06-03T22:43:13,2.0
2018-06-05T02:22:06,2.2
2018-06-05T03:20:08,2.4
2018-06-05T19:39:46,2.0
2018-06-08T19:09:25,2.4
2018-06-09T10:07:56,2.9
2018-06-09T20:34:52,2.0
2018-06-12T02:48:41,2.2
2018-06-12T16:23:55,2.1
2018-06-14T01:11:10,2.4
2018-06-15T19:15:26,2.2
2018-06-16T08:12:24,2.6
2018-06-16T23:35:15,2.9
2018-06-17T18:27:01,3.9
2018-06-18T04:31:38,2.3
2018-06-18T20:10:05,3.1
2018-06-19T11:58:27,2.3
2018-06-20T16:44:38,2.2
2018-06-24T18:41:43,2.7
2018-06-25T08:05:03,2.2
2018-06-27T05:15:35,2.5
2018-06-30T10:35:36,2.1
2018-06-30T23:00:17,3.4
2018-07-01T19:36:08,2.4
2018-07-04T17:55:46,2.6
2018-07-05T00:01:53,2.6
2018-07-05T22:01:40,2.0
2018-07-06T03:36:15,2.7
2018-07-09T07:37:56,2.4
2018-07-10T06:39:45,2.3
2018-07-10T15:10:24,2.0
2018-07-10T20:34:51,2.0
2018-07-13T07:25:34,2.3
2018-07-14T00:03:06,2.3
2018-07-14T00:21:22,2.0
2018-07-14T15:42:09,2.3
2018-07-15T20:05:02,2.0
2018-07-16T16:00:10,2.2
2018-07-16T21:07:18,2.1
2018-07-18T07:47:10,2.0
2018-07-20T14:43:50,3.4
2018-07-24T06:08:51,2.8
2018-07-28T04:33:11,2.4
2018-07-28T12:52:07,2.3
2018-07-30T15:17:16,2.2
2018-08-04T06:54:25,2.7
2018-08-06T01:46:57,2.5
2018-08-06T21:00:43,2.2
2018-08-09T06:56:47,2.7
2018-08-11T18:59:09,2.0
2018-08-12T04:08:09,2.0
2018-08-13T17:18:33,2.1
2018-08-15T04:39:03,2.0
2018-08-15T11:51:34,2.3
2018-08-15T16:17:39,3.1
2018-08-16T16:30:54,2.0
2018-08-16T17:39:50,2.0
2018-08-17T18:47:49,2.0
2018-08-17T20:39:12,2.2
2018-08-19T10:05:37,2.5
2018-08-20T04:22:01,2.1
2018-08-20T08:48:22,3.0
2018-08-21T04:11:40,2.2
2018-08-23T12:42:29,2.4
2018-08-24T00:37:07,2.2
2018-08-24T11:15:21,2.5
2018-08-30T11:28:58,2.3
2018-08-31T08:48:43,3.3
2018-09-01T12:55:53,2.3
2018-09-01T13:33:38,2.1
2018-09-01T18:37:27,2.5
2018-09-02T13:17:21,2.8
2018-09-03T07:06:41,2.1
2018-09-03T21:45:53,2.2
2018-09-03T22:31:13,2.5
2018-09-04T09:18:26,3.8
2018-09-04T14:42:33,2.5
2018-09-05T10:43:49,2.0
2018-09-05T20:04:45,2.1
2018-09-07T23:12:22,2.6
2018-09-09T23:51:54,2.0
2018-09-10T04:33:48,3.1
2018-09-10T05:15:13,3.0
2018-09-11T02:13:57,2.0
2018-09-11T06:19:16,2.2
2018-09-12T10:09:23,2.3
2018-09-13T16:51:46,2.8
2018-09-14T17:58:29,2.0
2018-09-17T00:42:34,2.4
2018-09-18T05:35:43,2.1
2018-09-18T10:54:58,2.5
2018-09-19T10:50:51,2.5
2018-09-19T14:07:33,2.0
2018-09-19T23:04:35,2.2
2018-09-20T13:24:25,2.1
2018-09-20T13:44:58,2.0
2018-09-25T07:48:22,2.3
2018-09-25T18:45:27,2.3
2018-09-26T12:27:42,2.0
2018-09-29T08:02:18,2.3
2018-10-03T04:30:45,2.4
2018-10-05T09:59:34,2.4
2018-10-06T15:02:01,2.3
2018-10-07T06:05:02,2.1
2018-10-07T21:42:04,3.6
2018-10-10T07:01:52,3.1
2018-10-11T02:47:03,4.0
2018-10-13T20:04:54,3.1
2018-10-14T18:27:48,2.7
2018-10-15T03:22:58,2.2
2018-10-17T15:55:51,2.3
2018-10-17T17:36:08,2.3
2018-10-18T10:34:50,2.4
2018-10-19T05:34:54,2.6
2018-10-20T14:48:04,2.4
2018-10-20T15:12:26,2.2
2018-10-21T16:51:05,2.4
2018-10-23T04:14:30,2.2
2018-10-23T11:41:41,2.4
2018-10-24T08:46:31,2.1
2018-10-24T14:49:29,2.2
2018-10-24T23:17:09,2.4
2018-10-25T16:32:09,2.0
2018-10-27T01:20:50,2.2
2018-10-28T14:52:44,2.1
2018-11-01T07:00:34,2.8
2018-11-01T17:50:29,2.5
2018-11-02T13:23:15,3.0
2018-11-03T13:26:20,2.2
2018-11-04T07:48:33,2.8
2018-11-04T21:40:36,2.2
2018-11-05T23:30:34,2.2
2018-11-10T02:51:12,2.0
2018-11-12T06:02:51,2.7
2018-11-13T01:26:23,2.6
2018-11-13T12:13:48,3.7
2018-11-16T02:57:22,2.2
2018-11-17T02:11:11,2.3
2018-11-17T15:07:51,2.5
2018-11-17T15:41:56,2.8
2018-11-18T00:50:34,2.1
2018-11-18T17:17:40,2.4
2018-11-19T06:20:42,2.1
2018-11-20T11:43:15,2.3
2018-11-21T01:01:09,2.1
2018-11-21T18:10:18,2.1
2018-11-23T19:08:53,2.3
2018-11-24T17:24:26,3.5
2018-11-26T09:47:10,2.4
2018-11-26T11:21:11,2.0
2018-11-28T09:28:58,2.2
2018-11-29T17:13:58,2.2
2018-11-30T14:38:27,2.2
2018-12-02T00:18:55,3.2
2018-12-02T05:05:33,2.3
2018-12-03T18:13:47,2.5
2018-12-04T01:33:30,2.3
2018-12-05T05:07:32,2.9
2018-12-06T00:35:40,2.1
2018-12-06T13:41:59,2.7
2018-12-06T14:36:14,2.4
2018-12-07T17:51:50,2.1
2018-12-08T04:47:45,2.3
2018-12-09T09:50:40,3.3
2018-12-10T18:22:18,2.6
2018-12-10T21:47:41,2.0
2018-12-12T08:11:03,2.0
2018-12-12T11:40:15,2.0
2018-12-13T00:31:17,2.8
2018-12-14T02:52:26,2.9
2018-12-19T13:22:02,2.0
2018-12-19T22:12:07,2.3
2018-12-20T23:54:38,2.2
2018-12-21T10:40:21,2.6
2018-12-22T01:57:36,2.1
2018-12-27T18:59:25,2.2
2018-12-28T10:01:59,2.2
2018-12-28T13:26:33,2.1
2018-12-28T19:27:56,2.7
2018-12-30T17:42:34,2.5
2018-12-30T22:27:27,2.0
2019-01-02T11:39:59,2.5
2019-01-04T17:42:00,2.9
2019-01-05T03:18:14,2.0
2019-01-06T17:32:44,2.8
2019-01-10T01:44:36,4.1
2019-01-11T19:06:50,2.0
2019-01-12T08:50:31,2.0
2019-01-13T20:43:46,2.4
2019-01-14T16:49:54,2.0
2019-01-14T23:23:29,2.8
2019-01-15T04:42:00,2.0
2019-01-15T13:02:21,2.0
2019-01-16T14:43:49,2.4
2019-01-17T14:32:08,2.0
2019-01-18T17:14:10,2.1
2019-01-19T13:15:40,2.8
2019-01-21T02:22:30,2.0
2019-01-21T15:27:18,2.0
2019-01-23T23:53:47,2.6
2019-01-28T14:58:51,2.8
2019-01-29T14:33:32,3.4
2019-01-31T06:46:50,3.1
2019-02-01T19:32:58,2.0
2019-02-06T05:45:21,2.3
2019-02-06T06:48:03,3.4
2019-02-07T11:07:40,2.1
2019-02-09T00:32:23,3.2
2019-02-12T18:30:17,2.0
2019-02-12T19:15:04,2.4
2019-02-15T06:01:43,2.3
2019-02-16T00:45:45,2.4
2019-02-18T11:45:07,2.1
2019-02-20T10:19:07,2.8
2019-02-22T07:54:35,2.8
2019-02-23T14:21:28,2.1
2019-02-24T15:52:29,2.3
2019-02-24T17:11:31,2.6
2019-02-24T20:43:05,2.0
2019-02-25T15:32:21,2.2
2019-02-28T02:29:28,2.4
2019-03-03T04:26:12,2.2
2019-03-05T02:43:17,2.3
2019-03-06T11:01:00,2.1
2019-03-07T02:22:25,2.0
2019-03-07T02:49:53,2.7
2019-03-08T20:41:02,2.7
2019-03-10T01:11:19,2.7
2019-03-10T04:48:13,2.1
2019-03-11T06:17:06,2.2
2019-03-12T19:14:12,2.2
2019-03-13T10:21:16,3.5
2019-03-14T12:05:54,2.0
2019-03-14T22:16:52,3.3
2019-03-15T01:11:49,3.7
2019-03-15T11:41:26,2.2
2019-03-16T13:54:16,2.0
2019-03-20T12:54:49,2.2
2019-03-21T04:29:21,2.1
2019-03-23T17:10:54,2.0
2019-03-24T03:27:00,2.0
2019-03-24T05:50:03,2.2
2019-03-24T15:35:04,2.0
2019-03-24T19:09:20,3.1
2019-03-25T10:56:37,2.0
2019-03-26T08:07:32,2.7
2019-03-28T21:20:48,2.5
2019-03-29T06:35:42,2.0
2019-03-29T06:57:09,2.2
2019-03-30T13:25:11,2.1
2019-04-01T05:24:33,2.0
2019-04-03T03:17:54,3.5
2019-04-05T00:53:05,2.0
2019-04-06T16:59:52,2.0
2019-04-07T20:22:31,2.2
2019-04-10T17:42:17,2.7
2019-04-15T11:19:35,2.5
2019-04-15T19:37:12,2.0
2019-04-17T07:31:35,2.0
2019-04-18T03:20:33,2.2
2019-04-19T10:32:53,2.5
2019-04-21T22:27:20,2.4
2019-04-25T06:21:42,2.2
2019-04-26T19:17:18,2.8
2019-04-28T06:22:15,2.2
2019-04-30T05:38:03,4.0
2019-04-30T21:10:43,2.4
2019-05-01T14:08:10,2.5
2019-05-02T08:26:57,2.7
2019-05-05T20:04:00,2.8
2019-05-05T22:54:05,2.1
2019-05-08T12:06:09,2.6
2019-05-08T23:12:47,2.2
2019-05-10T15:20:31,3.0
2019-05-11T17:04:52,2.4
2019-05-13T05:57:37,2.4
2019-05-16T10:52:12,2.1
2019-05-17T07:05:16,2.1
2019-05-17T07:30:24,2.3
2019-05-17T16:24:46,2.0
2019-05-18T19:20:55,2.8
2019-05-19T02:08:16,2.8
2019-05-20T03:17:06,2.5
2019-05-21T11:47:50,2.5
2019-05-22T13:05:40,2.4
2019-05-23T00:06:10,2.6
2019-05-24T06:01:54,2.1
2019-05-26T10:17:40,3.4
2019-05-27T09:45:10,2.7
2019-05-27T20:43:17,2.1
2019-05-28T00:38:07,2.8
2019-05-29T02:30:52,2.2
2019-05-30T19:23:26,2.0
2019-06-03T18:32:16,2.0
2019-06-04T02:35:58,2.0
2019-06-05T14:45:23,2.1
2019-06-06T15:09:49,2.0
2019-06-07T06:36:44,2.0
2019-06-07T15:17:15,2.2
2019-06-07T17:12:33,2.0
2019-06-09T07:20:15,2.0
2019-06-11T05:17:29,2.1
2019-06-11T09:07:24,2.4
2019-06-11T10:06:38,2.2
2019-06-11T13:15:39,2.1
2019-06-12T10:24:03,2.2
2019-06-12T21:15:05,2.4
2019-06-13T09:30:11,2.6
2019-06-14T15:39:50,2.3
2019-06-15T07:03:52,2.3
2019-06-15T13:23:39,3.4
2019-06-15T13:26:36,2.6
2019-06-16T05:57:09,3.1
2019-06-17T22:51:35,2.1
2019-06-18T04:39:10,2.1
2019-06-19T14:47:16,2.6
2019-06-19T18:08:24,2.2
2019-06-20T08:13:38,3.7
2019-06-22T16:11:13,3.2
2019-06-22T16:29:40,3.7
2019-06-22T21:27:26,2.6
2019-06-22T22:10:14,2.1
2019-06-23T03:07:23,2.7
2019-06-24T00:03:34,2.3
2019-06-24T03:13:45,2.3
2019-06-26T03:37:40,2.0
2019-06-27T12:55:08,2.0
2019-06-27T21:32:20,2.4
2019-06-28T02:13:35,3.0
2019-06-28T04:10:21,2.0
2019-06-29T12:29:17,2.0
2019-06-30T20:49:41,2.1
2019-07-04T23:40:46,2.4
2019-07-05T01:23:20,2.0
2019-07-05T03:20:33,2.6
2019-07-05T15:23:04,2.3
2019-07-07T14:23:43,2.4
2019-07-10T23:42:55,2.3
2019-07-11T07:50:44,2.4
2019-07-11T08:56:10,2.2
2019-07-13T02:46:10,2.1
2019-07-13T08:52:30,2.3
2019-07-14T15:32:37,2.1
2019-07-17T09:10:23,2.2
2019-07-17T20:07:44,2.4
2019-07-18T15:33:43,2.4
2019-07-21T07:21:26,2.3
2019-07-27T06:21:25,2.6
2019-07-27T13:20:05,3.1
2019-07-28T23:07:58,2.5
2019-08-04T00:11:56,2.2
2019-08-04T07:18:50,2.5
2019-08-04T15:52:19,2.5
2019-08-06T14:38:11,2.2
2019-08-11T05:40:01,2.3
2019-08-11T17:22:08,2.2
2019-08-13T03:25:12,2.0
2019-08-13T09:00:00,2.4
2019-08-14T07:22:11,2.4
2019-08-14T13:33:56,3.0
2019-08-15T10:35:12,3.1
2019-08-16T00:25:12,3.9
2019-08-16T06:16:39,2.0
2019-08-21T08:25:18,2.3
2019-08-22T09:15:36,3.2
2019-08-22T17:32:19,2.0
2019-08-23T07:26:20,2.0
2019-08-23T23:05:17,2.4
2019-08-24T02:49:27,2.3
2019-08-25T11:28:43,2.2
2019-08-26T04:49:22,2.8
2019-08-27T10:34:28,2.4
2019-08-27T12:36:18,2.0
2019-08-29T22:29:54,2.0
2019-08-30T20:20:38,2.4
2019-09-03T07:47:28,2.2
2019-09-04T13:22:59,2.4
2019-09-05T00:30:22,2.2
2019-09-08T08:30:00,2.6
2019-09-11T13:12:12,2.3
2019-09-12T05:18:10,2.5
2019-09-17T06:03:00,2.8
2019-09-18T07:06:07,2.0
2019-09-19T01:44:20,5.1
2019-09-19T21:34:25,2.3
2019-09-20T09:22:02,2.2
2019-09-21T13:06:29,2.3
2019-09-22T12:01:15,2.6
2019-09-23T23:06:34,3.3
2019-09-24T06:10:51,2.0
2019-09-24T07:48:15,2.1
2019-09-24T22:54:18,2.7
2019-09-26T00:12:41,3.1
2019-09-28T07:36:04,2.2
2019-09-29T17:46:14,2.3
2019-09-29T21:17:27,3.0
2019-09-30T03:08:54,2.2
2019-10-01T00:24:20,2.6
2019-10-01T10:46:16,2.4
2019-10-02T21:34:07,2.0
2019-10-03T03:38:05,2.1
2019-10-03T14:25:26,3.7
2019-10-05T20:36:01,3.8
2019-10-08T02:27:15,2.5
2019-10-08T04:01:23,2.2
2019-10-08T12:17:27,2.3
2019-10-10T09:42:06,2.3
2019-10-12T08:21:38,3.1
2019-10-12T08:59:38,2.6
2019-10-13T21:34:24,2.1
2019-10-14T14:13:55,2.3
2019-10-15T16:33:29,2.0
2019-10-16T15:55:59,3.1
2019-10-18T15:46:02,2.1
2019-10-19T12:20:25,2.2
2019-10-19T13:37:30,2.4
2019-10-21T22:05:28,4.1
2019-10-21T23:56:22,2.1
2019-10-23T14:48:04,2.3
2019-10-23T17:02:43,2.1
2019-10-24T04:32:02,2.6
2019-10-25T21:47:16,2.5
2019-10-26T09:26:36,2.5
2019-10-26T12:27:25,2.0
2019-10-26T22:38:41,2.3
2019-10-26T23:55:26,3.1
2019-10-27T07:49:45,2.3
2019-10-29T03:13:17,2.8
2019-10-30T23:41:36,2.1
2019-10-31T13:55:58,3.3
2019-11-01T12:24:30,2.7
2019-11-04T00:19:59,3.4
2019-11-04T17:47:30,2.8
2019-11-06T11:18:16,3.6
2019-11-09T06:40:12,2.4
2019-11-10T13:31:00,4.0
2019-11-10T16:51:29,2.1
2019-11-11T14:37:12,2.0
2019-11-12T13:16:29,2.0
2019-11-13T07:48:16,2.4
2019-11-18T09:20:21,2.3
2019-11-21T12:20:25,2.0
2019-11-22T01:35:25,2.0
2019-11-23T01:13:22,2.4
2019-11-24T00:27:45,2.2
2019-11-26T15:10:52,2.0
2019-11-30T10:39:44,2.3
2019-12-02T16:53:46,2.0
2019-12-03T00:55:32,3.1
2019-12-03T15:27:40,2.2
2019-12-04T02:48:15,2.2
2019-12-07T07:43:50,2.0
2019-12-07T18:20:13,2.1
2019-12-07T20:02:09,2.1
2019-12-08T11:17:40,2.1
2019-12-09T20:33:09,2.3
2019-12-10T03:57:12,3.2
2019-12-10T21:24:58,2.3
2019-12-11T08:09:15,3.3
2019-12-11T14:25:36,2.0
2019-12-12T14:25:39,2.1
2019-12-12T20:25:38,2.3
2019-12-13T03:45:16,2.0
2019-12-13T10:21:39,2.1
2019-12-14T02:02:46,4.3
2019-12-14T15:41:23,3.7
2019-12-15T00:19:43,2.4
2019-12-15T10:46:04,2.1
2019-12-16T02:52:42,2.1
2019-12-16T16:40:22,2.6
2019-12-17T18:54:09,3.4
2019-12-18T09:49:52,2.3
2019-12-18T20:04:00,2.3
2019-12-18T21:37:20,2.1
2019-12-21T06:05:05,2.4
2019-12-21T06:18:58,2.0
2019-12-21T08:44:12,2.4
2019-12-21T19:07:54,2.9
2019-12-23T04:03:08,2.3
2019-12-23T14:33:31,2.0
2019-12-24T03:42:14,4.4
2019-12-25T10:17:50,2.0
2019-12-25T19:56:40,2.8
2019-12-25T20:41:09,2.2
2019-12-26T03:47:16,2.0
2019-12-26T13:20:09,2.3
2019-12-26T13:34:34,2.0
2019-12-28T01:33:57,2.3
2019-12-29T19:41:58,2.1
2019-12-31T03:20:27,2.5
2019-12-31T07:04:08,2.2
2019-12-31T19:07:03,2.7
2020-01-01T00:18:06,3.0
2020-01-02T14:23:06,3.0
2020-01-02T20:11:31,2.4
2020-01-03T00:44:30,3.7
2020-01-05T16:29:45,2.6
2020-01-07T13:30:59,2.6
2020-01-07T14:08:57,2.3
2020-01-10T03:09:14,2.6
2020-01-11T02:01:14,2.5
2020-01-11T12:58:47,2.6
2020-01-12T17:12:45,3.0
2020-01-12T21:30:25,2.0
2020-01-13T18:58:56,2.4
2020-01-15T03:18:37,2.0
2020-01-15T11:13:10,2.4
2020-01-15T23:16:46,2.2
2020-01-16T18:38:33,2.2
2020-01-16T22:43:01,2.3
2020-01-17T01:25:45,2.6
2020-01-17T12:31:53,3.1
2020-01-18T04:32:57,3.7
2020-01-19T12:10:57,2.6
2020-01-20T06:12:55,3.1
2020-01-22T15:23:20,2.6
2020-01-24T13:24:22,2.1
2020-01-24T18:34:24,2.1
2020-01-25T00:29:46,2.5
2020-01-25T07:03:37,2.7
2020-01-25T12:07:36,2.2
2020-01-26T16:21:13,3.0
2020-01-26T19:03:49,2.7
2020-01-26T23:12:59,2.0
2020-01-27T11:58:31,2.2
2020-01-28T23:14:04,2.2
2020-01-29T05:58:36,3.2
2020-01-29T18:23:15,2.6
2020-01-30T01:33:58,3.0
2020-02-02T10:30:54,2.1
2020-02-02T17:28:11,2.0
2020-02-02T17:30:09,2.8
2020-02-03T13:48:52,2.1
2020-02-05T09:22:54,2.0
2020-02-06T13:28:17,2.2
2020-02-10T08:26:54,2.5
2020-02-10T22:03:08,3.8
2020-02-11T01:31:42,2.1
2020-02-11T05:35:26,2.8
2020-02-12T11:41:48,2.3
2020-02-12T13:40:47,3.1
2020-02-12T19:59:20,2.5
2020-02-12T23:11:36,2.7
2020-02-16T06:42:39,2.8
2020-02-18T10:36:08,2.5
2020-02-19T03:03:43,2.0
2020-02-21T11:32:01,2.0
2020-02-22T05:15:59,2.2
2020-02-22T11:03:51,2.5
2020-02-23T09:28:20,2.5
2020-02-25T14:25:02,3.4
2020-02-25T20:50:39,2.1
2020-02-27T12:45:17,3.7
2020-02-28T07:43:24,2.7
2020-02-29T00:31:45,2.0
2020-02-29T09:23:15,3.3
2020-03-01T11:36:45,2.1
2020-03-01T20:40:11,2.4
2020-03-03T16:29:25,3.5
2020-03-03T21:25:18,2.1
2020-03-06T10:50:14,2.2
2020-03-07T07:29:29,2.2
2020-03-07T15:10:17,2.3
2020-03-08T03:12:44,2.1
2020-03-09T13:18:25,2.4
2020-03-14T20:20:54,2.1
2020-03-18T20:45:51,2.0
2020-03-20T09:27:13,2.8
2020-03-20T21:32:47,2.4
2020-03-21T04:15:52,2.7
2020-03-21T21:51:58,2.0
2020-03-21T23:24:20,2.3
2020-03-21T23:29:47,2.3
2020-03-23T00:00:40,2.5
2020-03-23T14:54:29,2.8
2020-03-24T15:46:42,2.1
2020-03-26T12:31:59,2.5
2020-03-26T13:34:53,2.6
2020-03-31T20:55:13,2.7
2020-04-01T06:23:43,3.5
2020-04-03T21:46:19,2.0
2020-04-04T22:09:21,3.0
2020-04-05T09:54:08,4.7
2020-04-05T20:48:44,2.3
2020-04-07T10:16:49,2.9
2020-04-08T22:17:11,2.0
2020-04-09T12:12:49,2.1
2020-04-09T16:24:41,3.4
2020-04-12T12:38:06,2.0
2020-04-12T17:56:03,2.9
2020-04-14T13:18:02,2.1
2020-04-15T03:17:59,2.3
2020-04-15T14:21:20,2.3
2020-04-18T00:59:31,2.9
2020-04-19T21:49:09,3.4
2020-04-21T03:50:37,2.8
2020-04-22T18:18:36,3.4
2020-04-22T20:50:30,3.4
2020-04-24T02:02:55,3.0
2020-04-24T07:25:57,2.7
2020-04-24T21:07:23,3.9
2020-04-25T02:16:18,2.4
2020-04-26T10:17:07,2.1
2020-04-26T15:52:47,3.1
2020-04-26T23:38:49,2.4
2020-04-27T00:51:14,2.0
2020-04-28T12:34:38,2.2
2020-04-28T21:33:35,2.5
2020-04-29T06:28:36,2.3
2020-05-01T17:46:15,2.4
2020-05-02T03:30:05,2.4
2020-05-03T06:23:27,2.3
2020-05-03T15:18:55,2.1
2020-05-06T17:27:32,2.2
2020-05-07T05:47:32,2.9
2020-05-08T19:46:20,2.3
2020-05-10T07:11:22,2.7
2020-05-11T02:27:11,2.5
2020-05-11T14:16:37,2.4
2020-05-12T07:33:43,2.5
2020-05-13T04:14:36,2.0
2020-05-14T04:14:14,4.0
2020-05-15T07:52:53,3.3
2020-05-15T20:39:28,3.1
2020-05-20T16:08:12,2.8
2020-05-21T21:11:42,2.3
2020-05-24T03:07:21,2.3
2020-05-26T04:53:30,2.3
2020-05-26T18:43:02,2.7
2020-05-30T21:17:39,2.1
2020-06-01T21:57:40,2.0
2020-06-02T09:18:03,2.0
2020-06-02T16:55:14,2.1
2020-06-03T05:21:53,2.0
2020-06-03T20:41:19,2.2
2020-06-04T01:56:20,2.1
2020-06-06T13:36:25,2.0
2020-06-06T22:05:00,2.8
2020-06-07T03:27:31,2.0
2020-06-08T08:49:44,2.1
2020-06-08T10:27:48,2.1
2020-06-09T07:11:02,2.1
2020-06-09T07:46:30,2.3
2020-06-09T21:41:43,2.1
2020-06-10T16:23:55,2.1
2020-06-12T07:38:12,2.0
2020-06-12T12:27:16,2.4
2020-06-13T19:06:21,2.1
2020-06-14T06:26:54,2.7
2020-06-17T22:07:12,2.4
2020-06-18T08:05:57,3.5
2020-06-23T12:58:34,2.2
2020-06-25T15:56:59,2.7
2020-06-25T19:29:15,2.0
2020-06-29T22:01:03,2.4
2020-06-29T23:11:51,2.2
2020-06-30T03:29:07,2.9
2020-07-02T00:36:15,2.0
2020-07-02T02:12:55,2.2
2020-07-04T18:33:12,2.5
2020-07-06T07:31:25,2.2
2020-07-06T22:27:38,3.3
2020-07-07T12:44:36,2.0
2020-07-09T14:45:18,2.3
2020-07-10T18:27:18,2.9
2020-07-11T04:42:49,2.0
2020-07-11T13:48:20,2.6
2020-07-12T18:05:29,3.2
2020-07-13T08:54:03,2.7
2020-07-17T00:27:45,2.1
2020-07-17T05:37:18,2.9
2020-07-18T02:07:22,3.2
2020-07-18T03:20:56,2.9
2020-07-18T07:30:42,2.2
2020-07-20T22:37:28,2.1
2020-07-23T12:50:28,2.3
2020-07-27T03:18:30,2.1
2020-07-27T22:16:10,2.2
2020-07-28T00:55:08,2.8
2020-07-28T12:48:54,2.2
2020-07-28T14:45:21,2.1
2020-07-28T21:31:57,2.0
2020-07-29T03:09:34,2.8
2020-07-29T14:25:44,2.8
2020-08-03T20:06:57,2.8
2020-08-03T20:16:19,2.5
2020-08-06T00:41:42,2.0
2020-08-06T03:31:22,2.7
2020-08-07T08:11:05,2.1
2020-08-07T14:28:08,3.0
2020-08-08T11:30:39,4.4
2020-08-08T16:55:12,2.2
2020-08-09T04:40:17,2.1
2020-08-10T05:00:59,2.0
2020-08-16T16:22:53,3.6
2020-08-16T19:59:06,2.1
2020-08-17T01:18:25,3.2
2020-08-18T08:28:36,2.6
2020-08-19T20:17:01,2.6
2020-08-21T13:27:35,2.2
2020-08-22T08:24:28,2.9
2020-08-23T15:17:22,2.1
2020-08-25T01:29:32,2.1
2020-08-25T13:35:36,2.8
2020-08-26T11:38:05,2.7
2020-08-26T19:25:05,2.2
2020-09-02T08:03:56,3.0
2020-09-02T13:02:29,2.2
2020-09-04T00:54:46,3.6
2020-09-04T11:22:03,2.3
2020-09-05T02:26:14,2.6
2020-09-05T05:01:50,3.0
2020-09-06T19:49:25,2.2
2020-09-08T20:21:28,2.0
2020-09-10T07:22:43,2.7
2020-09-12T04:20:08,2.2
2020-09-13T04:20:06,2.1
2020-09-14T07:39:14,2.1
2020-09-14T08:51:14,2.5
2020-09-14T11:39:48,3.0
2020-09-15T11:29:11,2.4
2020-09-17T04:51:58,2.5
2020-09-17T13:07:55,2.2
2020-09-19T13:13:28,2.6
2020-09-19T18:41:20,2.8
2020-09-20T00:02:11,2.5
2020-09-21T08:37:37,2.8
2020-09-21T14:17:20,2.1
2020-09-21T16:53:58,2.1
2020-09-21T19:04:22,2.8
2020-09-22T09:29:15,4.0
2020-09-24T05:12:53,3.7
2020-09-26T06:30:18,2.2
2020-09-26T16:20:19,2.4
2020-09-27T11:04:14,2.3
2020-09-29T06:26:36,2.2
2020-10-01T09:31:29,3.8
2020-10-02T01:27:42,2.3
2020-10-03T07:21:59,2.2
2020-10-05T02:14:01,2.6
2020-10-05T03:37:01,3.2
2020-10-11T02:15:07,2.0
2020-10-12T03:29:39,2.0
2020-10-12T20:03:53,2.5
2020-10-16T14:55:35,2.0
2020-10-18T10:15:02,2.8
2020-10-19T11:27:29,2.0
2020-10-20T16:28:19,2.5
2020-10-20T21:49:50,2.6
2020-10-21T22:35:54,2.0
2020-10-24T06:20:14,2.2
2020-10-25T14:36:11,3.1
2020-10-25T19:17:43,3.4
2020-10-26T12:19:50,2.0
2020-10-29T06:10:25,2.1
2020-11-03T19:15:47,2.3
2020-11-04T00:41:37,2.1
2020-11-04T02:49:58,3.6
2020-11-05T00:05:35,3.0
2020-11-06T16:16:50,2.2
2020-11-06T21:41:21,2.0
2020-11-07T04:26:24,2.9
2020-11-07T18:28:41,2.0
2020-11-07T18:37:21,2.7
2020-11-08T16:41:32,2.0
2020-11-09T14:37:34,2.0
2020-11-10T05:25:43,2.0
2020-11-10T05:30:35,2.2
2020-11-10T15:51:44,2.0
2020-11-11T20:56:18,2.1
2020-11-13T00:02:54,2.6
2020-11-14T18:29:13,2.4
2020-11-15T12:46:29,2.6
2020-11-20T18:11:22,2.0
2020-11-24T03:35:47,2.0
2020-11-24T11:14:45,2.4
2020-11-26T12:14:22,2.5
2020-11-29T07:09:32,2.5
2020-11-29T22:55:09,2.6
2020-12-01T15:03:01,2.7
2020-12-01T22:35:51,2.9
2020-12-01T23:43:50,2.1
2020-12-02T02:41:02,2.4
2020-12-04T13:25:15,2.1
2020-12-04T20:40:31,2.1
2020-12-06T11:42:22,2.0
2020-12-06T15:13:09,2.4
2020-12-07T19:39:41,3.1
2020-12-11T01:44:56,4.5
2020-12-11T18:06:12,2.1
2020-12-13T03:26:37,2.8
2020-12-13T13:04:29,2.3
2020-12-13T16:43:17,2.2
2020-12-16T03:00:24,2.0
2020-12-17T09:24:34,2.4
2020-12-18T20:36:19,2.2
2020-12-19T17:06:52,2.2
2020-12-19T20:16:56,2.1
2020-12-22T09:02:12,2.3
2020-12-23T21:00:57,2.0
2020-12-24T12:00:28,3.3
2020-12-25T04:13:36,2.0
2020-12-25T07:03:58,2.9
2020-12-26T23:41:07,2.0
2020-12-28T16:18:41,3.6
2020-12-29T05:32:18,2.1
2020-12-29T12:48:00,3.8
2020-12-30T19:54:56,2.0
2020-12-31T04:57:31,2.4
2020-12-31T10:49:33,2.4
2021-01-02T09:38:41,3.3
2021-01-02T14:32:38,2.0
2021-01-03T02:34:26,2.2
2021-01-04T16:57:43,2.5
2021-01-04T20:19:23,2.8
2021-01-06T16:03:54,2.0
2021-01-08T10:52:06,2.5
2021-01-11T07:04:39,2.9
2021-01-11T07:41:04,2.5
2021-01-11T13:42:55,2.5
2021-01-12T00:51:33,3.3
2021-01-12T01:20:22,2.4
2021-01-21T08:35:50,2.8
2021-01-21T16:25:39,2.7
2021-01-22T11:03:12,2.1
2021-01-22T11:22:27,2.0
2021-01-23T06:38:12,2.1
2021-01-24T03:07:25,2.6
2021-01-24T11:45:26,2.3
2021-01-28T11:40:27,2.2
2021-01-29T21:44:26,2.8
2021-02-01T09:49:08,2.9
2021-02-02T15:03:01,2.7
2021-02-04T15:34:19,3.4
2021-02-04T18:38:37,2.5
2021-02-06T14:46:35,2.0
2021-02-07T00:06:47,2.4
2021-02-10T08:09:02,2.3
2021-02-11T10:29:45,2.1
2021-02-15T11:07:56,2.6
2021-02-16T14:10:19,2.3
2021-02-16T19:10:36,2.6
2021-02-21T01:33:33,2.0
2021-02-22T13:06:54,2.7
2021-02-22T16:57:08,2.1
2021-02-23T10:53:48,2.5
2021-02-23T16:09:04,2.7
2021-02-26T18:16:01,2.0
2021-02-27T12:29:25,4.2
2021-02-27T18:28:21,2.9
2021-03-01T00:00:49,2.0
2021-03-01T05:58:08,2.4
2021-03-02T02:42:14,2.4
2021-03-03T14:05:07,2.2
2021-03-03T18:54:56,3.1
2021-03-04T07:40:56,2.2
2021-03-05T05:08:43,2.3
2021-03-05T23:04:18,2.0
2021-03-06T18:07:32,2.1
2021-03-06T23:45:32,2.1
2021-03-08T08:26:33,3.1
2021-03-09T04:26:07,2.0
2021-03-10T10:44:00,2.1
2021-03-12T07:20:26,2.1
2021-03-14T01:16:00,2.0
2021-03-15T10:39:10,2.4
2021-03-16T00:40:18,2.2
2021-03-16T08:58:47,2.0
2021-03-17T00:25:24,3.3
2021-03-20T18:12:34,2.5
2021-03-22T03:16:23,2.2
2021-03-23T13:06:52,2.2
2021-03-25T08:12:15,2.0
2021-03-25T11:18:03,2.5
2021-03-28T04:39:51,2.2
2021-03-28T18:36:11,2.1
2021-03-29T06:18:36,3.0
2021-03-29T23:00:28,2.8
2021-03-31T06:10:22,3.1
2021-04-02T04:02:54,2.4
2021-04-02T04:32:17,3.3
2021-04-03T10:25:40,2.1
2021-04-04T23:53:35,2.2
2021-04-05T15:36:46,2.8
2021-04-06T08:12:13,3.6
2021-04-06T11:46:59,2.1
2021-04-06T17:07:00,2.5
2021-04-07T06:50:52,2.5
2021-04-09T18:11:27,2.7
2021-04-09T23:05:04,2.2
2021-04-12T06:06:15,2.7
2021-04-12T19:06:30,2.0
2021-04-13T14:40:03,2.5
2021-04-15T09:30:20,3.0
2021-04-16T18:57:27,2.2
2021-04-18T09:16:52,3.2
2021-04-18T12:46:13,2.3
2021-04-20T05:19:43,2.1
2021-04-22T11:19:10,2.0
2021-04-22T12:59:37,2.1
2021-04-23T09:53:46,2.4
2021-04-23T15:39:46,4.4
2021-04-24T14:12:38,2.7
2021-04-25T02:11:39,2.0
2021-04-28T14:06:42,2.8
2021-04-28T20:27:57,4.5
2021-04-29T11:22:36,2.1
2021-05-01T16:37:58,2.3
2021-05-03T13:19:13,2.0
2021-05-04T04:16:19,2.1
2021-05-05T09:06:05,3.1
2021-05-06T18:34:07,2.0
2021-05-07T11:03:25,2.5
2021-05-08T15:12:00,7.2
2021-05-09T10:54:03,3.0
2021-05-09T22:36:34,2.3
2021-05-12T15:57:12,2.3
2021-05-14T01:23:31,3.4
2021-05-14T07:54:48,2.4
2021-05-15T11:01:44,2.0
2021-05-15T19:21:26,2.5
2021-05-16T01:10:15,2.0
2021-05-19T01:30:31,2.0
2021-05-19T04:06:01,6.1
2021-05-19T22:08:28,3.2
2021-05-21T06:02:11,2.8
2021-05-21T07:52:32,2.2
2021-05-21T23:33:18,2.3
2021-05-22T01:28:09,2.5
2021-05-24T11:49:45,2.6
2021-05-25T15:13:37,2.9
2021-05-29T08:07:09,5.0
2021-05-29T17:06:49,2.2
2021-05-29T22:28:59,2.0
2021-05-30T03:48:00,2.2
2021-05-30T06:23:26,3.7
2021-05-31T09:37:00,2.0
2021-05-31T17:39:53,2.1
2021-06-01T03:46:25,2.0
2021-06-02T12:08:35,2.4
2021-06-03T10:54:22,2.1
2021-06-03T19:40:28,2.2
2021-06-11T03:57:27,2.5
2021-06-11T09:08:56,2.8
2021-06-12T15:00:43,3.7
2021-06-13T16:26:23,2.3
2021-06-13T18:10:12,2.3
2021-06-17T11:46:37,3.7
2021-06-17T22:08:51,2.0
2021-06-19T23:56:08,2.3
2021-06-20T05:23:40,2.2
2021-06-21T13:46:55,3.1
2021-06-22T15:53:48,2.5
2021-06-24T18:07:44,2.1
2021-06-25T07:55:47,2.7
2021-06-30T15:31:58,2.4
2021-07-02T15:33:55,6.7
2021-07-05T02:25:29,2.4
2021-07-05T09:35:14,3.5
2021-07-07T04:32:59,2.0
2021-07-11T03:11:29,2.1
2021-07-12T01:40:55,2.2
2021-07-13T08:42:04,4.4
2021-07-13T11:27:57,4.5
2021-07-17T11:19:50,2.2
2021-07-20T16:35:04,2.7
2021-07-21T00:13:47,2.2
2021-07-21T01:35:28,2.4
2021-07-22T00:36:48,3.2
2021-07-22T13:19:50,2.0
2021-07-23T00:40:02,2.6
2021-07-23T14:04:36,2.4
2021-07-25T05:45:49,2.1
2021-07-26T01:41:28,2.4
2021-07-26T10:36:06,2.4
2021-07-26T21:02:28,2.3
2021-08-01T12:56:17,2.0
2021-08-03T13:29:02,2.6
2021-08-03T17:39:25,2.3
2021-08-05T09:14:04,2.3
2021-08-06T13:36:30,2.2
2021-08-07T11:01:33,3.7
2021-08-08T17:49:46,2.6
2021-08-10T07:49:09,2.7
2021-08-11T00:42:36,2.1
2021-08-12T00:27:34,2.1
2021-08-12T00:56:04,2.7
2021-08-16T10:26:14,2.0
2021-08-16T18:56:57,2.1
2021-08-17T13:29:33,2.1
2021-08-21T19:16:19,2.1
2021-08-25T09:27:59,2.6
2021-08-26T01:00:05,2.3
2021-08-26T01:19:47,2.0
2021-08-26T12:44:15,2.4
2021-08-27T07:10:23,2.0
2021-08-29T20:44:35,2.8
2021-08-30T01:20:45,2.0
2021-09-01T08:49:37,2.5
2021-09-02T21:24:01,2.0
2021-09-03T16:44:09,2.0
2021-09-04T14:16:05,3.0
2021-09-05T20:10:15,2.3
2021-09-06T17:47:09,2.3
2021-09-08T01:19:41,2.1
2021-09-08T02:52:21,2.1
2021-09-09T05:52:41,2.7
2021-09-12T12:41:04,3.8
2021-09-12T22:59:57,2.0
2021-09-13T13:53:38,2.9
2021-09-17T02:17:06,2.1
2021-09-17T08:05:43,2.7
2021-09-18T08:19:47,2.0
2021-09-19T09:12:48,2.7
2021-09-21T05:00:54,2.4
2021-09-21T14:48:36,2.8
2021-09-23T04:36:16,2.5
2021-09-23T16:59:51,2.0
2021-09-23T18:21:33,2.3
2021-09-24T02:32:48,2.9
2021-09-24T13:19:31,2.1
2021-09-24T17:34:24,2.3
2021-09-25T13:23:18,2.3
2021-09-25T21:36:48,2.0
2021-09-26T04:08:03,2.2
2021-09-27T08:13:40,2.7
2021-09-27T18:16:54,2.1
2021-09-28T15:19:31,2.8
2021-09-28T19:58:43,2.5
2021-09-28T20:43:31,2.5
2021-09-29T20:02:02,2.3
2021-09-29T23:20:26,2.6
2021-10-01T13:25:17,2.0
2021-10-03T13:49:45,2.7
2021-10-03T14:06:18,3.0
2021-10-08T11:43:42,2.4
2021-10-09T15:00:44,2.1
2021-10-10T08:37:40,3.0
2021-10-11T01:22:20,2.5
2021-10-12T05:01:34,2.0
2021-10-15T20:00:01,3.1
2021-10-18T08:59:55,2.1
2021-10-18T18:12:41,3.0
2021-10-18T21:17:59,2.0
2021-10-19T18:38:11,2.4
2021-10-23T09:01:44,2.9
2021-10-23T19:56:59,2.6
2021-10-24T02:20:51,3.1
2021-10-25T12:03:36,2.0
2021-10-28T08:00:03,2.3
2021-10-30T20:01:20,3.3
2021-10-30T20:45:34,2.4
2021-10-31T18:43:31,2.7
2021-11-07T13:06:03,2.6
2021-11-07T16:43:54,2.0
2021-11-08T10:54:37,2.5
2021-11-09T17:08:50,2.1
2021-11-12T18:22:04,3.6
2021-11-12T23:46:24,2.2
2021-11-15T15:53:54,2.0
2021-11-20T16:10:53,2.0
2021-11-20T19:29:52,2.0
2021-11-22T06:28:14,2.2
2021-11-22T16:53:03,2.2
2021-11-23T04:08:00,2.1
2021-11-23T20:40:16,4.0
2021-11-26T04:14:22,2.0
2021-11-26T12:21:47,2.8
2021-11-26T15:39:03,2.3
2021-11-26T23:13:05,2.5
2021-11-27T12:34:42,2.1
2021-11-29T05:39:24,2.2
2021-12-01T06:44:44,2.0
2021-12-02T00:32:21,3.3
2021-12-03T01:18:13,2.2
2021-12-03T01:59:09,3.4
2021-12-05T03:16:59,2.6
2021-12-05T22:23:45,2.2
2021-12-07T04:53:46,2.0
2021-12-07T08:46:43,2.0
2021-12-08T07:27:34,3.0
2021-12-09T17:45:16,2.0
2021-12-11T09:56:25,3.6
2021-12-12T14:09:10,2.2
2021-12-12T19:34:19,2.9
2021-12-13T17:20:18,2.3
2021-12-13T22:01:10,2.1
2021-12-14T14:43:25,2.8
2021-12-15T02:16:13,3.0
2021-12-15T15:13:03,2.2
2021-12-18T01:43:00,2.4
2021-12-19T17:47:07,2.4
2021-12-20T23:02:11,2.2
2021-12-21T14:04:07,2.1
2021-12-23T07:15:27,2.0
2021-12-25T01:41:54,2.4
2022-01-02T11:53:13,2.1
2022-01-05T06:01:32,2.7
2022-01-06T13:45:01,2.5
2022-01-07T17:58:29,2.6
2022-01-07T21:04:05,2.1
2022-01-09T20:19:09,2.6
2022-01-11T19:15:06,2.3
2022-01-14T06:11:23,2.0
2022-01-16T07:53:36,2.6
2022-01-16T15:37:07,2.6
2022-01-17T06:51:58,2.8
2022-01-17T11:23:54,3.4
2022-01-19T17:27:10,2.7
2022-01-21T01:40:47,2.6
2022-01-22T18:11:40,2.6
2022-01-23T10:11:17,2.0
2022-01-23T14:36:21,2.5
2022-01-23T15:49:39,3.2
2022-01-26T22:38:49,2.2
2022-01-27T00:29:46,2.7
2022-01-29T00:02:58,2.8
2022-01-29T18:01:09,2.0
2022-02-01T01:37:44,2.0
2022-02-01T11:46:02,2.8
2022-02-05T15:52:06,2.5
2022-02-06T23:56:21,3.6
2022-02-08T10:57:46,2.3
2022-02-10T23:36:20,2.4
2022-02-11T02:18:44,3.0
2022-02-12T17:25:31,4.7
2022-02-12T20:28:44,3.7
2022-02-15T05:48:36,2.9
2022-02-15T15:28:09,2.8
2022-02-16T04:06:08,2.3
2022-02-17T04:07:56,2.0
2022-02-21T21:53:44,2.9
2022-02-23T12:31:47,3.2
2022-02-25T17:24:17,2.0
2022-02-27T17:02:01,2.1
2022-02-28T09:35:01,2.4
2022-02-28T13:28:35,3.1
2022-03-02T19:24:29,4.8
2022-03-03T21:15:55,3.4
2022-03-04T15:51:21,2.1
2022-03-06T15:17:40,2.7
2022-03-08T07:09:04,2.4
2022-03-09T12:11:07,2.2
2022-03-10T17:14:10,2.0
2022-03-13T01:52:35,2.8
2022-03-16T20:44:18,2.3
2022-03-17T07:23:59,2.4
2022-03-17T18:14:33,2.1
2022-03-17T19:17:09,2.2
2022-03-18T00:10:34,2.1
2022-03-18T21:45:40,2.6
2022-03-18T23:34:52,3.0
2022-03-19T04:39:16,2.4
2022-03-20T21:48:37,2.0
2022-03-23T23:51:44,2.0
2022-03-24T08:39:25,2.2
2022-03-25T17:38:41,3.1
2022-03-27T06:57:48,2.5
2022-03-27T14:08:24,2.8
2022-03-28T10:03:28,2.9
2022-03-29T14:43:39,2.9
2022-03-31T12:58:45,2.4
2022-03-31T14:20:29,2.3
2022-04-01T02:44:20,2.2
2022-04-04T04:28:30,2.3
2022-04-07T09:01:25,2.7
2022-04-10T00:32:51,2.0
2022-04-10T10:29:54,2.1
2022-04-11T15:19:08,2.4
2022-04-11T21:31:24,2.0
2022-04-13T15:22:51,2.0
2022-04-15T21:49:03,2.3
2022-04-18T07:28:40,2.1
2022-04-18T19:45:53,2.3
2022-04-19T05:32:26,2.5
2022-04-19T12:24:13,2.1
2022-04-19T18:59:10,2.4
2022-04-19T20:20:25,2.6
2022-04-22T01:28:22,2.1
2022-04-24T02:13:39,2.5
2022-04-24T20:08:52,2.8
2022-04-25T15:13:36,2.5
2022-04-25T20:39:30,2.7
2022-04-26T02:53:58,3.2
2022-04-27T21:43:21,2.2
2022-04-28T06:01:48,2.4
2022-04-29T02:09:31,2.0
2022-04-29T04:38:12,2.1
2022-05-03T11:18:12,2.0
2022-05-03T14:46:04,2.1
2022-05-06T13:49:43,2.0
2022-05-08T07:52:53,2.7
2022-05-08T10:06:59,2.1
2022-05-09T18:54:20,2.2
2022-05-12T10:40:41,2.3
2022-05-15T10:33:44,3.0
2022-05-17T04:12:51,2.5
2022-05-17T15:45:52,3.1
2022-05-19T11:44:23,2.4
2022-05-20T02:18:05,2.2
2022-05-23T03:32:20,3.1
2022-05-23T13:48:00,3.6
2022-05-25T06:16:53,2.1
2022-05-25T10:02:29,2.3
2022-05-28T10:02:33,2.2
2022-05-28T13:02:32,3.1
2022-05-29T00:41:27,3.0
2022-05-30T02:26:20,2.1
2022-05-31T07:49:10,2.6
2022-05-31T22:46:53,2.2
2022-06-01T20:41:04,2.1
2022-06-07T05:15:55,2.1
2022-06-07T06:29:06,2.1
2022-06-07T23:25:29,2.0
2022-06-09T08:37:11,2.0
2022-06-13T16:42:05,3.1
2022-06-15T08:26:07,2.0
2022-06-17T22:04:27,2.0
2022-06-20T02:23:48,2.0
2022-06-20T07:24:04,3.2
2022-06-21T20:25:01,2.2
2022-06-22T01:13:16,2.3
2022-06-23T00:24:59,2.7
2022-06-23T23:25:05,2.1
2022-06-24T03:04:40,2.3
2022-06-25T10:06:29,2.5
2022-06-25T21:07:36,2.0
2022-06-28T05:54:37,2.2
2022-06-28T19:59:24,3.2
2022-06-29T04:22:01,2.0
2022-07-01T01:31:17,2.3
2022-07-03T16:46:48,2.4
2022-07-03T23:01:39,2.4
2022-07-05T17:04:03,2.8
2022-07-06T00:41:38,2.9
2022-07-06T05:57:22,2.4
2022-07-06T08:33:26,2.8
2022-07-06T11:07:02,2.3
2022-07-06T16:43:13,2.6
2022-07-11T06:06:15,2.2
2022-07-11T14:54:38,2.5
2022-07-12T08:19:35,2.1
2022-07-12T14:53:11,2.1
2022-07-14T18:24:39,2.1
2022-07-16T06:54:32,2.1
2022-07-17T21:48:55,2.4
2022-07-18T15:32:59,2.0
2022-07-19T00:01:32,2.2
2022-07-20T11:42:21,2.0
2022-07-20T16:58:29,2.3
2022-07-23T20:12:14,2.4
2022-07-23T21:55:20,2.4
2022-07-26T01:40:01,2.7
2022-07-26T17:18:19,3.3
2022-07-29T11:37:52,2.7
2022-07-31T01:27:49,2.0
2022-07-31T16:42:47,2.6
2022-07-31T18:23:08,2.6
2022-08-01T21:37:00,2.1
2022-08-04T11:57:48,2.1
2022-08-07T00:19:59,2.5
2022-08-07T11:24:46,2.1
2022-08-07T15:31:52,2.4
2022-08-08T12:25:21,2.2
2022-08-08T12:35:22,2.5
2022-08-09T01:31:06,2.3
2022-08-11T10:03:36,3.6
2022-08-11T23:09:55,2.4
2022-08-12T20:33:09,3.5
2022-08-13T14:43:23,2.9
2022-08-14T23:05:13,2.3
2022-08-16T08:27:56,2.0
2022-08-17T15:03:13,2.3
2022-08-18T19:28:36,2.3
2022-08-18T22:28:32,2.7
2022-08-19T23:04:30,2.5
2022-08-20T07:14:18,2.0
2022-08-20T13:04:56,3.3
2022-08-23T19:27:25,2.3
2022-08-27T05:12:26,2.4
2022-08-27T15:26:40,2.4
2022-08-29T05:48:53,2.1
2022-08-30T02:30:35,2.0
2022-08-31T00:05:28,3.0
2022-08-31T04:21:59,2.2
2022-09-01T23:18:24,3.2
2022-09-02T05:05:21,2.4
2022-09-03T22:25:57,2.7
2022-09-04T10:12:26,4.5
2022-09-06T08:30:53,2.2
2022-09-07T07:22:07,3.4
2022-09-07T09:19:38,2.2
2022-09-08T04:15:40,3.0
2022-09-10T23:50:14,3.0
2022-09-12T07:29:20,2.7
2022-09-12T16:50:36,2.8
2022-09-15T15:20:21,2.0
2022-09-15T23:10:31,3.1
2022-09-16T15:03:22,2.6
2022-09-17T16:53:28,2.4
2022-09-20T11:49:37,2.5
2022-09-21T01:22:40,2.7
2022-09-22T14:36:26,2.0
2022-09-22T22:41:30,2.0
2022-09-23T00:59:39,2.5
2022-09-23T08:30:54,2.0
2022-09-24T09:54:08,2.8
2022-09-24T13:56:42,4.4
2022-09-25T03:07:00,4.4
2022-10-01T05:03:13,2.1
2022-10-02T00:32:27,2.5
2022-10-02T01:40:12,2.0
2022-10-03T07:58:27,2.2
2022-10-05T20:21:04,2.4
2022-10-07T09:49:07,3.7
2022-10-08T03:48:29,2.7
2022-10-10T01:34:14,3.4
2022-10-11T07:18:02,2.0
2022-10-12T17:58:51,2.8
2022-10-13T13:18:08,2.4
2022-10-16T02:58:54,2.7
2022-10-18T08:38:59,2.7
2022-10-18T10:48:46,2.3
2022-10-18T18:04:23,2.5
2022-10-18T22:49:48,2.7
2022-10-19T05:25:13,2.3
2022-10-19T19:06:22,3.0
2022-10-19T20:25:16,2.3
2022-10-21T07:03:21,2.4
2022-10-22T09:39:16,2.7
2022-10-23T13:39:03,2.0
2022-10-23T17:44:07,2.0
2022-10-24T08:38:16,2.0
2022-10-24T23:46:56,2.1
2022-10-26T02:13:39,2.0
2022-10-26T12:15:42,2.0
2022-10-27T16:48:44,2.5
2022-10-28T05:40:06,2.6
2022-10-29T01:34:40,2.4
2022-10-29T04:37:14,2.0
2022-10-30T05:36:15,4.1
2022-11-01T13:45:59,3.2
2022-11-03T10:59:47,3.5
2022-11-04T09:08:13,2.4
2022-11-04T21:54:42,2.1
2022-11-05T03:50:04,2.8
2022-11-06T21:12:59,2.1
2022-11-11T23:54:10,2.0
2022-11-12T05:29:14,2.0
2022-11-13T07:07:59,2.3
2022-11-13T15:10:17,3.2
2022-11-13T17:34:37,2.2
2022-11-13T21:19:28,2.4
2022-11-14T17:52:27,2.3
2022-11-16T11:38:03,2.1
2022-11-16T16:50:45,3.0
2022-11-18T11:44:12,2.4
2022-11-20T09:34:10,2.5
2022-11-21T16:09:55,2.1
2022-11-25T15:22:04,2.2
2022-11-27T12:35:16,2.3
2022-11-28T19:53:03,2.0
2022-11-28T22:00:35,2.0
2022-11-30T13:46:36,3.1
2022-12-01T10:46:30,2.0
2022-12-02T05:21:01,2.2
2022-12-02T10:11:35,3.3
2022-12-06T15:27:39,2.1
2022-12-07T00:33:06,2.5
2022-12-07T22:03:52,2.0
2022-12-09T01:37:38,2.3
2022-12-09T07:40:28,2.0
2022-12-10T16:56:05,2.0
2022-12-11T05:38:57,4.2
2022-12-11T14:26:45,2.5
2022-12-14T16:21:44,2.1
2022-12-15T21:06:00,3.4
2022-12-16T06:17:44,4.3
2022-12-18T21:02:16,2.1
2022-12-19T05:20:26,2.8
2022-12-19T15:35:36,2.4
2022-12-26T15:43:51,2.2
2022-12-26T19:41:40,3.6
2022-12-29T18:10:54,2.7
2022-12-29T19:03:49,2.3
2022-12-30T05:17:17,2.4
2022-12-30T08:50:24,2.2
2023-01-01T02:26:19,2.4
2023-01-02T05:13:08,2.2
2023-01-03T22:35:23,2.0
2023-01-04T07:50:49,4.2
2023-01-04T18:44:58,2.1
2023-01-05T06:10:59,2.1
2023-01-05T10:04:42,2.1
2023-01-06T06:54:37,2.3
2023-01-07T03:12:10,2.2
2023-01-07T20:11:27,2.2
2023-01-07T22:32:55,3.5
2023-01-08T17:23:47,2.0
2023-01-10T07:07:31,2.6
2023-01-11T21:44:38,2.8
2023-01-12T09:40:08,3.3
2023-01-13T11:00:35,2.1
2023-01-13T22:45:58,4.5
2023-01-14T13:24:57,2.2
2023-01-14T18:27:12,2.0
2023-01-16T07:45:13,2.2
2023-01-16T14:54:37,2.2
2023-01-19T13:40:04,2.1
2023-01-20T15:50:19,2.7
2023-01-21T04:00:42,2.2
2023-01-22T10:33:37,2.2
2023-01-23T03:52:31,4.1
2023-01-24T02:50:29,2.1
2023-01-25T12:33:03,2.2
2023-01-25T17:16:46,2.0
2023-01-26T23:10:07,2.0
2023-01-29T02:09:00,2.5
2023-02-03T14:42:02,3.2
2023-02-09T09:31:28,2.2
2023-02-09T22:25:16,2.4
2023-02-09T22:27:54,2.0
2023-02-11T11:21:23,2.6
2023-02-11T12:37:15,2.5
2023-02-11T20:23:26,2.2
2023-02-11T23:07:05,2.5
2023-02-13T14:58:11,2.1
2023-02-13T19:25:01,2.2
2023-02-14T20:50:35,2.2
2023-02-18T22:31:03,2.1
2023-02-25T01:29:56,2.6
2023-02-25T22:30:39,2.8
2023-02-26T20:58:49,2.1
2023-02-27T11:29:59,2.0
2023-03-02T04:31:23,2.9
2023-03-07T21:11:20,3.5
2023-03-10T06:08:08,2.1
2023-03-10T10:13:29,2.3
2023-03-12T23:01:13,2.1
2023-03-12T23:54:54,2.5
2023-03-14T02:16:10,2.5
2023-03-14T10:13:15,2.3
2023-03-17T04:45:04,2.9
2023-03-18T05:20:53,2.1
2023-03-18T09:04:39,2.2
2023-03-20T07:37:22,2.2
2023-03-22T11:33:34,2.8
2023-03-23T12:42:15,3.9
2023-03-27T13:51:30,2.5
2023-03-27T15:51:59,2.1
2023-03-28T21:34:35,2.2
2023-03-31T09:02:31,2.0
2023-04-02T07:47:03,2.8
2023-04-03T10:49:27,2.0
2023-04-05T01:16:05,2.5
2023-04-05T22:47:12,2.6
2023-04-06T23:52:24,2.3
2023-04-08T15:08:51,2.0
2023-04-08T22:00:24,2.6
2023-04-10T06:17:21,2.4
2023-04-10T16:10:14,2.5
2023-04-13T08:45:57,2.3
2023-04-13T19:29:12,2.1
2023-04-14T09:44:28,2.2
2023-04-14T20:13:15,4.4
2023-04-14T23:23:13,2.7
2023-04-15T11:24:18,2.3
2023-04-15T16:21:36,2.4
2023-04-15T19:50:54,3.9
2023-04-18T09:22:47,2.2
2023-04-18T18:15:53,2.9
2023-04-19T09:14:53,2.0
2023-04-21T04:29:12,2.5
2023-04-21T20:46:21,3.4
2023-04-22T14:54:06,2.9
2023-04-23T02:10:48,2.1
2023-04-24T17:06:21,3.3
2023-04-27T14:36:51,3.0
2023-05-01T15:17:31,2.0
2023-05-02T02:06:36,2.3
2023-05-02T06:55:08,2.3
2023-05-02T13:16:27,2.1
2023-05-04T08:29:17,2.8
2023-05-07T16:53:28,2.1
2023-05-07T20:17:02,2.3
2023-05-08T20:25:32,2.3
2023-05-11T03:41:42,2.1
2023-05-11T08:58:05,2.1
2023-05-12T06:10:43,3.8
2023-05-12T06:29:58,2.1
2023-05-12T11:24:07,2.3
2023-05-12T14:40:09,3.0
2023-05-12T17:11:58,2.0
2023-05-13T03:59:06,3.2
2023-05-14T23:43:37,2.6
2023-05-15T22:18:37,2.2
2023-05-16T11:32:03,2.0
2023-05-17T12:16:44,2.3
2023-05-18T12:21:16,3.1
2023-05-27T15:47:56,2.7
2023-06-01T04:12:58,2.3
2023-06-03T12:10:22,2.1
2023-06-03T14:29:48,2.0
2023-06-06T02:03:49,3.0
2023-06-06T10:27:59,3.4
2023-06-08T04:55:10,2.5
2023-06-08T17:43:23,2.0
2023-06-09T04:18:05,2.5
2023-06-10T04:15:54,2.6
2023-06-10T19:55:18,3.0
2023-06-11T01:58:05,2.9
2023-06-11T19:38:58,2.3
2023-06-11T20:08:48,2.3
2023-06-12T08:59:47,2.7
2023-06-12T17:07:50,2.5
2023-06-13T13:25:01,2.2
2023-06-16T11:05:39,2.0
2023-06-17T12:03:51,2.1
2023-06-18T02:41:56,2.1
2023-06-18T08:40:02,2.0
2023-06-20T22:58:33,2.1
2023-06-21T04:46:43,2.0
2023-06-21T08:30:52,2.0
2023-06-21T12:22:30,2.2
2023-06-21T13:20:49,2.1
2023-06-21T23:55:32,2.3
2023-06-22T06:17:48,3.3
2023-06-23T06:46:04,2.0
2023-06-24T10:33:24,2.4
2023-06-24T17:33:10,2.5
2023-06-25T18:20:23,2.0
2023-06-29T05:51:55,4.4
2023-06-29T11:41:30,2.0
2023-07-01T09:15:29,2.0
2023-07-01T18:45:13,2.6
2023-07-04T20:38:27,2.6
2023-07-05T00:25:32,2.7
2023-07-05T18:27:40,2.6
2023-07-07T06:51:54,2.1
2023-07-07T20:28:01,2.5
2023-07-08T01:18:35,3.6
2023-07-09T21:42:17,2.2
2023-07-16T21:34:16,2.5
2023-07-17T09:02:56,2.3
2023-07-18T17:25:49,2.0
2023-07-18T22:32:40,2.5
2023-07-22T02:27:44,2.0
2023-07-24T09:43:15,2.6
2023-07-24T13:57:47,2.4
2023-07-27T02:48:04,2.7
2023-07-27T13:50:39,2.0
2023-07-28T19:02:53,2.8
2023-07-29T19:36:55,2.9
2023-07-29T21:35:29,2.5
2023-07-30T05:24:03,2.4
2023-07-31T07:06:26,2.8
2023-08-01T03:44:08,2.4
2023-08-02T21:28:53,2.9
2023-08-03T01:46:47,2.6
2023-08-08T09:50:48,2.4
2023-08-09T03:56:47,2.1
2023-08-09T11:46:29,2.4
2023-08-10T13:44:21,2.0
2023-08-11T13:13:28,2.0
2023-08-13T21:33:19,2.1
2023-08-14T02:46:17,3.4
2023-08-14T06:15:11,2.8
2023-08-14T08:26:38,2.3
2023-08-16T05:44:44,2.2
2023-08-16T06:54:03,2.0
2023-08-16T20:09:33,3.0
2023-08-17T11:04:37,3.4
2023-08-17T13:30:35,2.6
2023-08-20T08:08:19,4.5
2023-08-20T13:51:52,2.0
2023-08-20T23:07:19,3.6
2023-08-23T01:03:27,2.1
2023-08-24T19:29:57,2.5
2023-08-27T11:47:34,2.0
2023-08-27T18:52:26,2.0
2023-08-28T17:16:32,2.3
2023-08-31T19:06:15,2.3
2023-09-02T17:03:42,4.4
2023-09-03T18:11:44,2.9
2023-09-05T04:20:30,3.4
2023-09-05T16:56:01,2.7
2023-09-06T15:00:12,3.2
2023-09-08T05:18:45,2.4
2023-09-08T14:31:53,3.3
2023-09-10T11:09:40,2.4
2023-09-11T19:16:14,2.3
2023-09-11T22:05:07,2.5
2023-09-12T17:47:00,2.4
2023-09-13T05:49:05,2.0
2023-09-13T17:04:46,2.6
2023-09-16T11:59:58,3.2
2023-09-20T06:56:30,2.5
2023-09-23T16:04:33,2.0
2023-09-23T23:31:50,2.5
2023-09-25T05:32:17,2.7
2023-09-25T06:25:30,3.3
2023-09-25T06:28:59,2.2
2023-09-28T01:34:35,2.1
2023-09-28T06:48:01,2.4
2023-09-29T16:06:46,4.2
2023-09-29T19:32:29,2.2
2023-10-01T06:57:11,3.3
2023-10-02T10:52:36,2.0
2023-10-03T09:16:44,2.0
2023-10-07T06:28:40,2.2
2023-10-07T14:43:34,2.0
2023-10-08T03:22:01,3.2
2023-10-08T18:14:11,2.3
2023-10-09T17:36:20,3.7
2023-10-09T20:45:39,3.4
2023-10-10T21:34:20,2.7
2023-10-11T19:46:34,2.6
2023-10-12T21:14:08,4.1
2023-10-12T22:25:04,2.1
2023-10-13T08:53:25,2.4
2023-10-15T16:55:45,2.5
2023-10-16T00:04:38,2.3
2023-10-16T15:34:29,6.1
2023-10-16T21:22:22,2.1
2023-10-17T01:20:25,2.1
2023-10-18T05:04:32,2.7
2023-10-18T12:32:56,2.7
2023-10-21T00:28:04,2.6
2023-10-21T21:04:33,2.7
2023-10-22T00:17:20,3.8
2023-10-22T05:25:21,2.2
2023-10-22T20:04:19,3.6
2023-10-23T18:35:14,2.5
2023-10-25T05:24:40,3.0
2023-10-27T05:23:27,2.0
2023-10-30T03:41:04,2.0
2023-10-30T09:53:08,2.6
2023-10-31T22:47:11,2.2
2023-11-01T16:01:03,2.2
2023-11-02T15:01:55,2.0
2023-11-04T21:11:44,2.7
2023-11-05T12:37:54,2.2
2023-11-06T08:05:05,2.5
2023-11-12T07:15:06,2.3
2023-11-13T13:44:38,3.0
2023-11-14T14:14:51,2.3
2023-11-15T10:02:56,2.8
2023-11-15T21:05:01,2.6
2023-11-18T00:12:46,2.8
2023-11-19T02:46:30,3.5
2023-11-19T03:01:10,2.3
2023-11-19T13:03:37,2.3
2023-11-21T07:47:59,2.2
2023-11-21T13:39:52,2.6
2023-11-22T13:25:01,2.9
2023-11-22T21:57:36,3.5
2023-11-23T15:45:20,2.9
2023-11-26T20:20:30,3.0
2023-11-27T03:54:46,2.7
2023-11-27T05:19:58,3.0
2023-11-27T20:53:23,2.9
2023-11-29T05:36:57,2.2
2023-11-29T06:33:40,2.4
2023-11-30T10:56:53,2.1
2023-11-30T23:28:13,2.2
2023-12-02T05:58:06,5.1
2023-12-03T16:16:08,2.0
2023-12-07T10:53:22,2.7
2023-12-10T14:11:28,2.0
2023-12-10T15:49:38,2.9
2023-12-10T18:23:09,2.5
2023-12-11T13:19:16,2.2
2023-12-11T20:56:13,2.1
2023-12-12T08:43:25,2.2
2023-12-13T15:31:09,2.2
2023-12-14T20:52:37,2.6
2023-12-15T21:26:35,3.0
2023-12-17T15:50:30,2.3
2023-12-18T10:05:54,3.4
2023-12-22T12:31:23,5.7
2023-12-22T13:13:17,2.2
2023-12-23T05:39:31,3.7
2023-12-23T15:37:11,2.4
2023-12-23T18:58:09,2.2
2023-12-23T21:22:40,3.2
2023-12-25T07:36:23,2.3
2023-12-26T08:14:34,2.1
2023-12-27T00:28:27,2.1
2023-12-28T04:50:11,2.0
2023-12-28T12:40:56,2.7
2023-12-31T17:45:09,2.6
