date,sst_c
2014-01-01,8.387
2014-01-02,9.029
2014-01-03,9.011
2014-01-04,9.173
2014-01-05,8.944
2014-01-06,8.313
2014-01-07,8.324
2014-01-08,9.049
2014-01-09,8.333
2014-01-10,9.244
2014-01-11,10.114
2014-01-12,8.701
2014-01-13,9.444
2014-01-14,9.201
2014-01-15,9.417
2014-01-16,9.254
2014-01-17,9.528
2014-01-18,9.123
2014-01-19,9.101
2014-01-20,10.108
2014-01-21,9.377
2014-01-22,9.186
2014-01-23,9.859
2014-01-24,9.704
2014-01-25,9.641
2014-01-26,8.881
2014-01-27,9.36
2014-01-28,9.855
2014-01-29,10.379
2014-01-30,9.368
2014-01-31,9.57
2014-02-01,10.205
2014-02-02,10.59
2014-02-03,9.271
2014-02-04,9.536
2014-02-05,9.33
2014-02-06,10.323
2014-02-07,10.06
2014-02-08,10.212
2014-02-09,10.316
2014-02-10,10.228
2014-02-11,11.162
2014-02-12,10.097
2014-02-13,9.472
2014-02-14,11.453
2014-02-15,11.213
2014-02-16,10.662
2014-02-17,10.464
2014-02-18,10.669
2014-02-19,11.191
2014-02-20,11.634
2014-02-21,11.825
2014-02-22,11.527
2014-02-23,11.602
2014-02-24,12.155
2014-02-25,11.71
2014-02-26,11.391
2014-02-27,11.226
2014-02-28,10.661
2014-03-01,11.486
2014-03-02,12.323
2014-03-03,11.909
2014-03-04,11.786
2014-03-05,11.362
2014-03-06,12.098
2014-03-07,12.439
2014-03-08,11.614
2014-03-09,13.452
2014-03-10,11.802
2014-03-11,11.245
2014-03-12,12.892
2014-03-13,12.822
2014-03-14,12.805
2014-03-15,13.315
2014-03-16,12.045
2014-03-17,12.9
2014-03-18,12.972
2014-03-19,13.898
2014-03-20,13.609
2014-03-21,13.302
2014-03-22,13.128
2014-03-23,14.043
2014-03-24,13.036
2014-03-25,13.573
2014-03-26,13.94
2014-03-27,13.536
2014-03-28,14.019
2014-03-29,14.131
2014-03-30,13.53
2014-03-31,13.953
2014-04-01,14.449
2014-04-02,13.849
2014-04-03,14.411
2014-04-04,15.314
2014-04-05,14.677
2014-04-06,15.283
2014-04-07,14.823
2014-04-08,15.837
2014-04-09,14.366
2014-04-10,15.543
2014-04-11,14.457
2014-04-12,15.199
2014-04-13,15.086
2014-04-14,15.024
2014-04-15,15.663
2014-04-16,15.857
2014-04-17,15.363
2014-04-18,15.067
2014-04-19,15.991
2014-04-20,15.656
2014-04-21,15.764
2014-04-22,16.545
2014-04-23,16.856
2014-04-24,15.797
2014-04-25,15.822
2014-04-26,17.527
2014-04-27,16.633
2014-04-28,16.14
2014-04-29,17.364
2014-04-30,16.864
2014-05-01,16.03
2014-05-02,16.406
2014-05-03,16.93
2014-05-04,17.051
2014-05-05,16.77
2014-05-06,16.615
2014-05-07,16.718
2014-05-08,17.638
2014-05-09,17.517
2014-05-10,17.568
2014-05-11,17.457
2014-05-12,17.221
2014-05-13,18.049
2014-05-14,18.038
2014-05-15,17.7
2014-05-16,19.053
2014-05-17,17.03
2014-05-18,16.91
2014-05-19,18.136
2014-05-20,18.331
2014-05-21,17.927
2014-05-22,18.563
2014-05-23,18.266
2014-05-24,17.653
2014-05-25,17.741
2014-05-26,18.046
2014-05-27,17.869
2014-05-28,18.366
2014-05-29,17.591
2014-05-30,17.855
2014-05-31,18.761
2014-06-01,18.88
2014-06-02,19.117
2014-06-03,18.807
2014-06-04,18.321
2014-06-05,18.639
2014-06-06,19.564
2014-06-07,18.98
2014-06-08,17.895
2014-06-09,19.012
2014-06-10,19.151
2014-06-11,18.067
2014-06-12,18.64
2014-06-13,17.663
2014-06-14,18.57
2014-06-15,19.063
2014-06-16,18.255
2014-06-17,19.967
2014-06-18,19.353
2014-06-19,19.019
2014-06-20,19.509
2014-06-21,18.294
2014-06-22,19.883
2014-06-23,18.746
2014-06-24,18.707
2014-06-25,18.323
2014-06-26,18.867
2014-06-27,19.381
2014-06-28,18.84
2014-06-29,18.048
2014-06-30,19.373
2014-07-01,18.641
2014-07-02,19.563
2014-07-03,19.713
2014-07-04,19.169
2014-07-05,18.423
2014-07-06,19.24
2014-07-07,17.915
2014-07-08,19.422
2014-07-09,19.26
2014-07-10,18.969
2014-07-11,17.597
2014-07-12,18.976
2014-07-13,18.614
2014-07-14,18.471
2014-07-15,19.38
2014-07-16,19.593
2014-07-17,18.71
2014-07-18,19.056
2014-07-19,17.835
2014-07-20,18.765
2014-07-21,18.628
2014-07-22,18.359
2014-07-23,18.426
2014-07-24,18.17
2014-07-25,18.94
2014-07-26,19.203
2014-07-27,18.559
2014-07-28,19.03
2014-07-29,17.83
2014-07-30,18.679
2014-07-31,18.359
2014-08-01,18.595
2014-08-02,18.365
2014-08-03,19.052
2014-08-04,18.277
2014-08-05,18.782
2014-08-06,18.331
2014-08-07,16.99
2014-08-08,17.117
2014-08-09,17.174
2014-08-10,17.143
2014-08-11,18.297
2014-08-12,17.489
2014-08-13,17.115
2014-08-14,16.962
2014-08-15,18.107
2014-08-16,17.192
2014-08-17,17.374
2014-08-18,17.255
2014-08-19,17.024
2014-08-20,17.471
2014-08-21,16.75
2014-08-22,16.355
2014-08-23,16.722
2014-08-24,16.392
2014-08-25,15.961
2014-08-26,16.159
2014-08-27,16.251
2014-08-28,17.244
2014-08-29,16.218
2014-08-30,15.923
2014-08-31,15.551
2014-09-01,16.404
2014-09-02,15.615
2014-09-03,16.452
2014-09-04,15.477
2014-09-05,15.4
2014-09-06,16.396
2014-09-07,16.225
2014-09-08,15.386
2014-09-09,16.542
2014-09-10,15.733
2014-09-11,15.093
2014-09-12,15.254
2014-09-13,14.573
2014-09-14,16.063
2014-09-15,15.853
2014-09-16,15.482
2014-09-17,14.831
2014-09-18,14.394
2014-09-19,15.51
2014-09-20,14.745
2014-09-21,14.823
2014-09-22,13.929
2014-09-23,13.897
2014-09-24,13.24
2014-09-25,14.414
2014-09-26,14.235
2014-09-27,14.163
2014-09-28,13.804
2014-09-29,13.875
2014-09-30,12.879
2014-10-01,13.68
2014-10-02,13.008
2014-10-03,13.829
2014-10-04,13.318
2014-10-05,13.73
2014-10-06,13.571
2014-10-07,13.348
2014-10-08,13.183
2014-10-09,12.494
2014-10-10,13.567
2014-10-11,14.015
2014-10-12,12.857
2014-10-13,12.618
2014-10-14,13.078
2014-10-15,11.49
2014-10-16,12.553
2014-10-17,12.396
2014-10-18,11.313
2014-10-19,12.233
2014-10-20,12.364
2014-10-21,10.661
2014-10-22,11.588
2014-10-23,11.954
2014-10-24,11.423
2014-10-25,12.349
2014-10-26,11.522
2014-10-27,12.084
2014-10-28,11.64
2014-10-29,11.738
2014-10-30,11.489
2014-10-31,11.437
2014-11-01,11.334
2014-11-02,10.715
2014-11-03,11.383
2014-11-04,11.618
2014-11-05,11.321
2014-11-06,10.735
2014-11-07,10.568
2014-11-08,10.219
2014-11-09,9.704
2014-11-10,10.172
2014-11-11,10.808
2014-11-12,10.807
2014-11-13,10.882
2014-11-14,10.435
2014-11-15,10.44
2014-11-16,10.174
2014-11-17,9.884
2014-11-18,9.45
2014-11-19,11.011
2014-11-20,9.9
2014-11-21,9.996
2014-11-22,10.669
2014-11-23,10.124
2014-11-24,9.744
2014-11-25,9.716
2014-11-26,9.409
2014-11-27,9.578
2014-11-28,9.173
2014-11-29,9.335
2014-11-30,9.083
2014-12-01,9.411
2014-12-02,9.806
2014-12-03,9.423
2014-12-04,9.134
2014-12-05,10.057
2014-12-06,8.571
2014-12-07,9.066
2014-12-08,9.397
2014-12-09,10.075
2014-12-10,9.085
2014-12-11,8.84
2014-12-12,9.392
2014-12-13,9.62
2014-12-14,9.674
2014-12-15,9.07
2014-12-16,9.088
2014-12-17,9.225
2014-12-18,9.347
2014-12-19,9.577
2014-12-20,9.314
2014-12-21,10.41
2014-12-22,9.665
2014-12-23,8.701
2014-12-24,8.758
2014-12-25,8.356
2014-12-26,9.41
2014-12-27,8.28
2014-12-28,8.815
2014-12-29,8.246
2014-12-30,9.864
2014-12-31,8.567
2015-01-01,9.148
2015-01-02,9.123
2015-01-03,9.495
2015-01-04,8.694
2015-01-05,8.892
2015-01-06,8.426
2015-01-07,8.404
2015-01-08,9.254
2015-01-09,8.246
2015-01-10,9.053
2015-01-11,9.923
2015-01-12,9.068
2015-01-13,9.057
2015-01-14,10.004
2015-01-15,9.059
2015-01-16,9.266
2015-01-17,9.349
2015-01-18,8.946
2015-01-19,9.652
2015-01-20,9.779
2015-01-21,9.134
2015-01-22,9.623
2015-01-23,9.09
2015-01-24,9.294
2015-01-25,9.43
2015-01-26,10.112
2015-01-27,9.942
2015-01-28,10.018
2015-01-29,9.168
2015-01-30,10.278
2015-01-31,10.055
2015-02-01,10.0
2015-02-02,9.932
2015-02-03,9.715
2015-02-04,9.577
2015-02-05,10.168
2015-02-06,10.63
2015-02-07,10.202
2015-02-08,10.435
2015-02-09,10.346
2015-02-10,10.421
2015-02-11,11.463
2015-02-12,12.008
2015-02-13,10.337
2015-02-14,10.792
2015-02-15,10.296
2015-02-16,10.822
2015-02-17,10.539
2015-02-18,10.933
2015-02-19,10.63
2015-02-20,10.96
2015-02-21,11.678
2015-02-22,11.109
2015-02-23,11.741
2015-02-24,10.932
2015-02-25,10.871
2015-02-26,11.147
2015-02-27,11.793
2015-02-28,11.618
2015-03-01,11.717
2015-03-02,11.678
2015-03-03,11.996
2015-03-04,12.076
2015-03-05,11.897
2015-03-06,11.751
2015-03-07,12.109
2015-03-08,10.891
2015-03-09,11.961
2015-03-10,12.524
2015-03-11,12.268
2015-03-12,12.556
2015-03-13,12.546
2015-03-14,13.178
2015-03-15,12.933
2015-03-16,12.869
2015-03-17,12.689
2015-03-18,12.286
2015-03-19,13.527
2015-03-20,13.663
2015-03-21,12.987
2015-03-22,13.364
2015-03-23,14.261
2015-03-24,12.88
2015-03-25,12.85
2015-03-26,13.174
2015-03-27,14.565
2015-03-28,13.443
2015-03-29,14.795
2015-03-30,14.734
2015-03-31,14.058
2015-04-01,14.057
2015-04-02,14.686
2015-04-03,14.933
2015-04-04,14.13
2015-04-05,14.932
2015-04-06,15.733
2015-04-07,14.421
2015-04-08,14.9
2015-04-09,14.112
2015-04-10,13.885
2015-04-11,15.366
2015-04-12,15.181
2015-04-13,15.412
2015-04-14,15.353
2015-04-15,15.099
2015-04-16,15.111
2015-04-17,15.421
2015-04-18,15.173
2015-04-19,16.045
2015-04-20,15.29
2015-04-21,15.682
2015-04-22,16.434
2015-04-23,16.479
2015-04-24,15.861
2015-04-25,16.71
2015-04-26,16.112
2015-04-27,15.973
2015-04-28,17.464
2015-04-29,17.281
2015-04-30,16.291
2015-05-01,16.039
2015-05-02,16.989
2015-05-03,16.711
2015-05-04,16.893
2015-05-05,16.951
2015-05-06,16.61
2015-05-07,17.053
2015-05-08,17.432
2015-05-09,17.491
2015-05-10,17.486
2015-05-11,17.407
2015-05-12,17.921
2015-05-13,17.753
2015-05-14,18.122
2015-05-15,17.554
2015-05-16,17.769
2015-05-17,17.76
2015-05-18,18.005
2015-05-19,18.017
2015-05-20,17.906
2015-05-21,17.395
2015-05-22,18.641
2015-05-23,17.623
2015-05-24,18.602
2015-05-25,17.903
2015-05-26,17.822
2015-05-27,18.963
2015-05-28,18.152
2015-05-29,19.422
2015-05-30,18.701
2015-05-31,18.025
2015-06-01,18.688
2015-06-02,18.025
2015-06-03,19.677
2015-06-04,18.851
2015-06-05,18.193
2015-06-06,19.539
2015-06-07,19.077
2015-06-08,19.48
2015-06-09,18.422
2015-06-10,20.167
2015-06-11,19.576
2015-06-12,18.788
2015-06-13,18.233
2015-06-14,18.648
2015-06-15,19.162
2015-06-16,18.481
2015-06-17,18.891
2015-06-18,18.953
2015-06-19,18.94
2015-06-20,19.076
2015-06-21,18.204
2015-06-22,19.363
2015-06-23,18.442
2015-06-24,18.445
2015-06-25,19.116
2015-06-26,18.998
2015-06-27,19.21
2015-06-28,18.7
2015-06-29,18.931
2015-06-30,18.588
2015-07-01,19.442
2015-07-02,19.005
2015-07-03,19.348
2015-07-04,18.596
2015-07-05,20.062
2015-07-06,18.609
2015-07-07,18.992
2015-07-08,19.193
2015-07-09,19.224
2015-07-10,19.313
2015-07-11,19.266
2015-07-12,19.558
2015-07-13,19.421
2015-07-14,19.574
2015-07-15,18.537
2015-07-16,17.901
2015-07-17,18.874
2015-07-18,18.178
2015-07-19,19.801
2015-07-20,19.461
2015-07-21,18.347
2015-07-22,19.99
2015-07-23,19.277
2015-07-24,18.544
2015-07-25,18.044
2015-07-26,18.577
2015-07-27,17.9
2015-07-28,18.555
2015-07-29,18.102
2015-07-30,18.26
2015-07-31,18.494
2015-08-01,18.759
2015-08-02,17.926
2015-08-03,17.721
2015-08-04,18.106
2015-08-05,18.347
2015-08-06,18.14
2015-08-07,17.756
2015-08-08,18.141
2015-08-09,17.541
2015-08-10,18.058
2015-08-11,17.094
2015-08-12,17.012
2015-08-13,17.048
2015-08-14,17.487
2015-08-15,17.435
2015-08-16,17.847
2015-08-17,17.718
2015-08-18,17.357
2015-08-19,16.74
2015-08-20,17.049
2015-08-21,17.17
2015-08-22,16.874
2015-08-23,17.248
2015-08-24,17.026
2015-08-25,16.348
2015-08-26,15.799
2015-08-27,16.688
2015-08-28,15.691
2015-08-29,17.063
2015-08-30,16.685
2015-08-31,17.444
2015-09-01,16.245
2015-09-02,15.718
2015-09-03,16.855
2015-09-04,15.803
2015-09-05,14.88
2015-09-06,14.86
2015-09-07,15.226
2015-09-08,15.302
2015-09-09,15.784
2015-09-10,14.595
2015-09-11,15.316
2015-09-12,16.023
2015-09-13,14.755
2015-09-14,14.578
2015-09-15,15.23
2015-09-16,14.869
2015-09-17,15.034
2015-09-18,15.409
2015-09-19,14.195
2015-09-20,15.218
2015-09-21,14.545
2015-09-22,14.022
2015-09-23,14.559
2015-09-24,13.393
2015-09-25,13.724
2015-09-26,14.039
2015-09-27,14.186
2015-09-28,13.649
2015-09-29,13.602
2015-09-30,13.091
2015-10-01,13.626
2015-10-02,13.557
2015-10-03,13.621
2015-10-04,13.086
2015-10-05,13.247
2015-10-06,13.391
2015-10-07,13.815
2015-10-08,12.707
2015-10-09,12.364
2015-10-10,13.365
2015-10-11,12.864
2015-10-12,13.535
2015-10-13,12.957
2015-10-14,11.542
2015-10-15,12.31
2015-10-16,12.669
2015-10-17,12.569
2015-10-18,11.377
2015-10-19,12.372
2015-10-20,11.982
2015-10-21,11.415
2015-10-22,11.238
2015-10-23,12.604
2015-10-24,12.466
2015-10-25,12.056
2015-10-26,11.735
2015-10-27,12.023
2015-10-28,12.105
2015-10-29,10.788
2015-10-30,10.812
2015-10-31,10.963
2015-11-01,10.976
2015-11-02,11.539
2015-11-03,11.879
2015-11-04,10.602
2015-11-05,11.558
2015-11-06,11.399
2015-11-07,10.846
2015-11-08,10.7
2015-11-09,11.4
2015-11-10,10.576
2015-11-11,10.121
2015-11-12,9.941
2015-11-13,9.816
2015-11-14,9.944
2015-11-15,10.881
2015-11-16,10.151
2015-11-17,10.262
2015-11-18,9.952
2015-11-19,9.806
2015-11-20,9.801
2015-11-21,9.692
2015-11-22,10.089
2015-11-23,10.704
2015-11-24,10.426
2015-11-25,9.425
2015-11-26,10.633
2015-11-27,10.315
2015-11-28,9.876
2015-11-29,9.222
2015-11-30,9.781
2015-12-01,10.151
2015-12-02,10.05
2015-12-03,10.161
2015-12-04,9.021
2015-12-05,9.667
2015-12-06,8.834
2015-12-07,9.343
2015-12-08,8.985
2015-12-09,9.38
2015-12-10,9.034
2015-12-11,9.565
2015-12-12,8.775
2015-12-13,8.599
2015-12-14,9.052
2015-12-15,9.728
2015-12-16,8.872
2015-12-17,9.4
2015-12-18,9.071
2015-12-19,8.974
2015-12-20,9.386
2015-12-21,9.56
2015-12-22,8.009
2015-12-23,8.941
2015-12-24,9.136
2015-12-25,9.203
2015-12-26,10.051
2015-12-27,8.847
2015-12-28,8.89
2015-12-29,9.228
2015-12-30,9.657
2015-12-31,9.502
2016-01-01,9.923
2016-01-02,9.592
2016-01-03,9.018
2016-01-04,8.737
2016-01-05,8.238
2016-01-06,8.511
2016-01-07,9.521
2016-01-08,9.034
2016-01-09,9.383
2016-01-10,8.909
2016-01-11,9.313
2016-01-12,8.272
2016-01-13,9.247
2016-01-14,9.298
2016-01-15,9.087
2016-01-16,9.127
2016-01-17,10.095
2016-01-18,9.206
2016-01-19,9.936
2016-01-20,9.223
2016-01-21,9.543
2016-01-22,9.792
2016-01-23,8.54
2016-01-24,9.063
2016-01-25,9.204
2016-01-26,9.827
2016-01-27,9.955
2016-01-28,9.497
2016-01-29,9.687
2016-01-30,10.149
2016-01-31,10.102
2016-02-01,10.399
2016-02-02,10.345
2016-02-03,9.842
2016-02-04,9.883
2016-02-05,9.997
2016-02-06,9.666
2016-02-07,10.458
2016-02-08,9.949
2016-02-09,9.753
2016-02-10,11.235
2016-02-11,11.276
2016-02-12,10.988
2016-02-13,11.101
2016-02-14,10.199
2016-02-15,10.291
2016-02-16,10.456
2016-02-17,11.241
2016-02-18,10.458
2016-02-19,10.969
2016-02-20,10.992
2016-02-21,10.898
2016-02-22,10.658
2016-02-23,12.205
2016-02-24,11.149
2016-02-25,11.542
2016-02-26,11.911
2016-02-27,10.98
2016-02-28,13.125
2016-02-29,12.381
2016-03-01,11.839
2016-03-02,11.775
2016-03-03,11.758
2016-03-04,13.018
2016-03-05,12.429
2016-03-06,12.4
2016-03-07,13.12
2016-03-08,12.347
2016-03-09,12.702
2016-03-10,11.86
2016-03-11,13.112
2016-03-12,12.534
2016-03-13,13.258
2016-03-14,13.85
2016-03-15,12.678
2016-03-16,12.407
2016-03-17,12.125
2016-03-18,12.746
2016-03-19,13.546
2016-03-20,12.605
2016-03-21,13.605
2016-03-22,14.065
2016-03-23,13.661
2016-03-24,13.667
2016-03-25,14.307
2016-03-26,15.25
2016-03-27,13.25
2016-03-28,14.449
2016-03-29,14.114
2016-03-30,13.886
2016-03-31,14.631
2016-04-01,14.091
2016-04-02,14.353
2016-04-03,14.706
2016-04-04,14.715
2016-04-05,15.671
2016-04-06,14.97
2016-04-07,15.387
2016-04-08,15.534
2016-04-09,15.38
2016-04-10,14.796
2016-04-11,15.209
2016-04-12,15.412
2016-04-13,15.551
2016-04-14,16.271
2016-04-15,16.547
2016-04-16,15.019
2016-04-17,16.122
2016-04-18,14.954
2016-04-19,16.42
2016-04-20,16.025
2016-04-21,16.328
2016-04-22,14.856
2016-04-23,16.468
2016-04-24,16.972
2016-04-25,16.354
2016-04-26,16.817
2016-04-27,17.149
2016-04-28,16.971
2016-04-29,17.216
2016-04-30,16.686
2016-05-01,18.104
2016-05-02,16.749
2016-05-03,17.196
2016-05-04,15.818
2016-05-05,16.985
2016-05-06,17.406
2016-05-07,16.971
2016-05-08,16.939
2016-05-09,16.934
2016-05-10,18.219
2016-05-11,18.283
2016-05-12,17.224
2016-05-13,17.222
2016-05-14,17.216
2016-05-15,17.899
2016-05-16,17.456
2016-05-17,16.567
2016-05-18,18.44
2016-05-19,17.76
2016-05-20,17.63
2016-05-21,17.896
2016-05-22,17.499
2016-05-23,17.963
2016-05-24,18.483
2016-05-25,17.884
2016-05-26,18.446
2016-05-27,17.724
2016-05-28,19.026
2016-05-29,18.404
2016-05-30,19.196
2016-05-31,18.48
2016-06-01,18.189
2016-06-02,18.063
2016-06-03,19.276
2016-06-04,18.723
2016-06-05,18.283
2016-06-06,18.953
2016-06-07,18.303
2016-06-08,19.032
2016-06-09,19.277
2016-06-10,18.764
2016-06-11,18.481
2016-06-12,18.998
2016-06-13,18.425
2016-06-14,17.901
2016-06-15,19.489
2016-06-16,20.464
2016-06-17,19.017
2016-06-18,18.793
2016-06-19,18.808
2016-06-20,19.099
2016-06-21,18.63
2016-06-22,19.596
2016-06-23,19.066
2016-06-24,18.585
2016-06-25,18.464
2016-06-26,18.939
2016-06-27,19.35
2016-06-28,18.628
2016-06-29,18.65
2016-06-30,19.112
2016-07-01,19.279
2016-07-02,18.681
2016-07-03,19.552
2016-07-04,19.142
2016-07-05,18.429
2016-07-06,19.514
2016-07-07,19.331
2016-07-08,19.503
2016-07-09,19.077
2016-07-10,19.292
2016-07-11,19.019
2016-07-12,19.587
2016-07-13,19.29
2016-07-14,18.983
2016-07-15,18.719
2016-07-16,18.614
2016-07-17,17.918
2016-07-18,18.976
2016-07-19,18.656
2016-07-20,18.509
2016-07-21,18.034
2016-07-22,18.819
2016-07-23,18.271
2016-07-24,18.898
2016-07-25,18.508
2016-07-26,18.846
2016-07-27,17.638
2016-07-28,18.097
2016-07-29,18.999
2016-07-30,18.467
2016-07-31,18.059
2016-08-01,17.773
2016-08-02,18.845
2016-08-03,17.717
2016-08-04,17.274
2016-08-05,18.295
2016-08-06,18.523
2016-08-07,17.552
2016-08-08,16.976
2016-08-09,18.292
2016-08-10,17.874
2016-08-11,17.507
2016-08-12,17.024
2016-08-13,17.006
2016-08-14,17.531
2016-08-15,17.856
2016-08-16,18.053
2016-08-17,16.874
2016-08-18,17.092
2016-08-19,17.113
2016-08-20,16.742
2016-08-21,18.136
2016-08-22,16.337
2016-08-23,16.933
2016-08-24,16.722
2016-08-25,16.179
2016-08-26,16.175
2016-08-27,17.266
2016-08-28,17.065
2016-08-29,16.576
2016-08-30,15.822
2016-08-31,16.557
2016-09-01,16.106
2016-09-02,15.902
2016-09-03,15.506
2016-09-04,16.148
2016-09-05,16.258
2016-09-06,15.414
2016-09-07,15.645
2016-09-08,15.813
2016-09-09,15.774
2016-09-10,14.85
2016-09-11,15.061
2016-09-12,15.975
2016-09-13,15.239
2016-09-14,14.302
2016-09-15,14.35
2016-09-16,15.389
2016-09-17,14.747
2016-09-18,14.355
2016-09-19,14.841
2016-09-20,15.206
2016-09-21,14.125
2016-09-22,14.534
2016-09-23,13.236
2016-09-24,14.604
2016-09-25,13.754
2016-09-26,13.998
2016-09-27,13.203
2016-09-28,13.794
2016-09-29,13.85
2016-09-30,14.38
2016-10-01,12.652
2016-10-02,13.353
2016-10-03,13.125
2016-10-04,13.827
2016-10-05,12.529
2016-10-06,13.297
2016-10-07,12.365
2016-10-08,13.11
2016-10-09,13.741
2016-10-10,13.301
2016-10-11,11.84
2016-10-12,12.093
2016-10-13,12.775
2016-10-14,13.153
2016-10-15,13.071
2016-10-16,12.082
2016-10-17,12.981
2016-10-18,12.213
2016-10-19,12.629
2016-10-20,12.726
2016-10-21,11.817
2016-10-22,12.737
2016-10-23,12.152
2016-10-24,12.472
2016-10-25,10.916
2016-10-26,10.724
2016-10-27,10.2
2016-10-28,11.815
2016-10-29,11.71
2016-10-30,11.621
2016-10-31,10.919
2016-11-01,10.612
2016-11-02,10.705
2016-11-03,11.2
2016-11-04,10.806
2016-11-05,11.201
2016-11-06,10.582
2016-11-07,11.34
2016-11-08,11.042
2016-11-09,10.611
2016-11-10,10.718
2016-11-11,10.689
2016-11-12,10.536
2016-11-13,9.78
2016-11-14,9.939
2016-11-15,11.591
2016-11-16,11.153
2016-11-17,11.461
2016-11-18,9.974
2016-11-19,10.083
2016-11-20,9.096
2016-11-21,10.189
2016-11-22,11.326
2016-11-23,8.585
2016-11-24,9.913
2016-11-25,8.279
2016-11-26,10.21
2016-11-27,10.346
2016-11-28,10.009
2016-11-29,9.789
2016-11-30,9.888
2016-12-01,9.223
2016-12-02,8.882
2016-12-03,9.328
2016-12-04,9.821
2016-12-05,9.431
2016-12-06,9.485
2016-12-07,9.722
2016-12-08,9.345
2016-12-09,9.165
2016-12-10,9.63
2016-12-11,9.512
2016-12-12,9.479
2016-12-13,8.872
2016-12-14,9.026
2016-12-15,7.723
2016-12-16,9.874
2016-12-17,9.241
2016-12-18,9.042
2016-12-19,8.654
2016-12-20,9.05
2016-12-21,8.183
2016-12-22,8.411
2016-12-23,8.851
2016-12-24,8.573
2016-12-25,8.613
2016-12-26,9.949
2016-12-27,9.297
2016-12-28,9.19
2016-12-29,9.021
2016-12-30,8.378
2016-12-31,8.776
2017-01-01,9.845
2017-01-02,10.065
2017-01-03,9.613
2017-01-04,8.907
2017-01-05,8.99
2017-01-06,8.447
2017-01-07,9.21
2017-01-08,9.625
2017-01-09,9.849
2017-01-10,8.664
2017-01-11,9.428
2017-01-12,9.798
2017-01-13,9.523
2017-01-14,8.212
2017-01-15,8.842
2017-01-16,10.339
2017-01-17,9.609
2017-01-18,9.038
2017-01-19,8.65
2017-01-20,8.978
2017-01-21,9.223
2017-01-22,9.264
2017-01-23,10.195
2017-01-24,9.451
2017-01-25,10.141
2017-01-26,9.322
2017-01-27,10.019
2017-01-28,9.502
2017-01-29,10.267
2017-01-30,9.512
2017-01-31,9.502
2017-02-01,10.498
2017-02-02,10.017
2017-02-03,10.427
2017-02-04,10.762
2017-02-05,10.091
2017-02-06,10.321
2017-02-07,10.055
2017-02-08,10.101
2017-02-09,10.158
2017-02-10,10.214
2017-02-11,11.188
2017-02-12,10.561
2017-02-13,10.489
2017-02-14,10.393
2017-02-15,10.205
2017-02-16,10.99
2017-02-17,11.106
2017-02-18,10.667
2017-02-19,11.45
2017-02-20,11.313
2017-02-21,10.933
2017-02-22,10.917
2017-02-23,11.527
2017-02-24,10.686
2017-02-25,11.342
2017-02-26,11.816
2017-02-27,12.302
2017-02-28,10.824
2017-03-01,12.653
2017-03-02,11.917
2017-03-03,12.717
2017-03-04,11.722
2017-03-05,11.599
2017-03-06,12.271
2017-03-07,12.613
2017-03-08,12.25
2017-03-09,12.025
2017-03-10,12.278
2017-03-11,11.953
2017-03-12,13.203
2017-03-13,13.444
2017-03-14,13.552
2017-03-15,12.494
2017-03-16,13.325
2017-03-17,13.465
2017-03-18,14.435
2017-03-19,13.284
2017-03-20,13.639
2017-03-21,12.89
2017-03-22,13.727
2017-03-23,14.127
2017-03-24,13.604
2017-03-25,13.386
2017-03-26,14.002
2017-03-27,14.761
2017-03-28,14.543
2017-03-29,15.175
2017-03-30,14.244
2017-03-31,14.395
2017-04-01,14.544
2017-04-02,14.822
2017-04-03,15.358
2017-04-04,14.612
2017-04-05,15.459
2017-04-06,15.307
2017-04-07,14.1
2017-04-08,14.612
2017-04-09,14.15
2017-04-10,15.788
2017-04-11,15.113
2017-04-12,16.605
2017-04-13,14.651
2017-04-14,15.573
2017-04-15,16.059
2017-04-16,15.678
2017-04-17,15.897
2017-04-18,16.307
2017-04-19,16.672
2017-04-20,16.275
2017-04-21,16.769
2017-04-22,16.296
2017-04-23,15.822
2017-04-24,15.218
2017-04-25,16.56
2017-04-26,15.583
2017-04-27,16.45
2017-04-28,17.089
2017-04-29,16.383
2017-04-30,16.957
2017-05-01,16.957
2017-05-02,16.767
2017-05-03,16.942
2017-05-04,17.026
2017-05-05,16.106
2017-05-06,16.751
2017-05-07,17.52
2017-05-08,18.182
2017-05-09,17.715
2017-05-10,16.891
2017-05-11,17.856
2017-05-12,17.995
2017-05-13,17.695
2017-05-14,18.378
2017-05-15,16.808
2017-05-16,17.566
2017-05-17,17.679
2017-05-18,18.082
2017-05-19,17.935
2017-05-20,17.656
2017-05-21,18.72
2017-05-22,18.061
2017-05-23,18.069
2017-05-24,18.547
2017-05-25,17.877
2017-05-26,17.264
2017-05-27,18.377
2017-05-28,18.851
2017-05-29,19.208
2017-05-30,19.178
2017-05-31,17.942
2017-06-01,18.864
2017-06-02,18.448
2017-06-03,18.656
2017-06-04,19.565
2017-06-05,18.984
2017-06-06,19.199
2017-06-07,18.7
2017-06-08,18.225
2017-06-09,19.595
2017-06-10,18.667
2017-06-11,18.286
2017-06-12,18.67
2017-06-13,18.832
2017-06-14,18.857
2017-06-15,20.085
2017-06-16,18.615
2017-06-17,19.68
2017-06-18,19.411
2017-06-19,20.468
2017-06-20,18.898
2017-06-21,19.226
2017-06-22,18.442
2017-06-23,19.366
2017-06-24,18.813
2017-06-25,20.444
2017-06-26,19.192
2017-06-27,19.713
2017-06-28,19.096
2017-06-29,18.565
2017-06-30,19.254
2017-07-01,18.902
2017-07-02,18.703
2017-07-03,19.043
2017-07-04,19.159
2017-07-05,18.663
2017-07-06,19.24
2017-07-07,19.326
2017-07-08,19.067
2017-07-09,19.089
2017-07-10,19.013
2017-07-11,18.8
2017-07-12,18.605
2017-07-13,18.603
2017-07-14,18.122
2017-07-15,18.611
2017-07-16,19.663
2017-07-17,18.025
2017-07-18,19.024
2017-07-19,18.256
2017-07-20,18.61
2017-07-21,19.056
2017-07-22,18.707
2017-07-23,18.341
2017-07-24,18.275
2017-07-25,18.71
2017-07-26,19.561
2017-07-27,18.825
2017-07-28,18.908
2017-07-29,18.527
2017-07-30,18.94
2017-07-31,19.608
2017-08-01,18.687
2017-08-02,18.807
2017-08-03,17.767
2017-08-04,17.688
2017-08-05,18.418
2017-08-06,18.375
2017-08-07,18.165
2017-08-08,17.563
2017-08-09,17.792
2017-08-10,17.661
2017-08-11,17.365
2017-08-12,17.6
2017-08-13,17.024
2017-08-14,16.691
2017-08-15,18.071
2017-08-16,17.727
2017-08-17,17.389
2017-08-18,17.945
2017-08-19,17.155
2017-08-20,17.22
2017-08-21,16.852
2017-08-22,17.035
2017-08-23,16.59
2017-08-24,16.629
2017-08-25,16.962
2017-08-26,16.594
2017-08-27,17.503
2017-08-28,16.685
2017-08-29,17.147
2017-08-30,16.581
2017-08-31,16.111
2017-09-01,16.062
2017-09-02,16.556
2017-09-03,15.967
2017-09-04,16.684
2017-09-05,15.639
2017-09-06,15.153
2017-09-07,15.484
2017-09-08,15.275
2017-09-09,14.191
2017-09-10,15.606
2017-09-11,15.132
2017-09-12,15.282
2017-09-13,14.159
2017-09-14,15.532
2017-09-15,15.684
2017-09-16,14.846
2017-09-17,14.344
2017-09-18,15.51
2017-09-19,14.538
2017-09-20,14.539
2017-09-21,14.661
2017-09-22,14.635
2017-09-23,15.058
2017-09-24,13.685
2017-09-25,13.76
2017-09-26,14.612
2017-09-27,13.967
2017-09-28,13.83
2017-09-29,13.842
2017-09-30,13.381
2017-10-01,13.717
2017-10-02,13.776
2017-10-03,13.757
2017-10-04,13.768
2017-10-05,12.984
2017-10-06,13.587
2017-10-07,13.193
2017-10-08,13.234
2017-10-09,12.947
2017-10-10,13.334
2017-10-11,13.079
2017-10-12,12.16
2017-10-13,12.509
2017-10-14,12.677
2017-10-15,11.786
2017-10-16,12.715
2017-10-17,12.448
2017-10-18,12.422
2017-10-19,12.187
2017-10-20,12.955
2017-10-21,12.48
2017-10-22,12.193
2017-10-23,11.171
2017-10-24,11.341
2017-10-25,11.386
2017-10-26,12.037
2017-10-27,12.161
2017-10-28,11.599
2017-10-29,11.222
2017-10-30,11.664
2017-10-31,11.685
2017-11-01,11.29
2017-11-02,10.733
2017-11-03,11.574
2017-11-04,10.719
2017-11-05,10.853
2017-11-06,10.992
2017-11-07,10.263
2017-11-08,10.771
2017-11-09,10.733
2017-11-10,11.104
2017-11-11,10.91
2017-11-12,10.035
2017-11-13,10.326
2017-11-14,10.922
2017-11-15,10.5
2017-11-16,9.886
2017-11-17,11.083
2017-11-18,10.673
2017-11-19,10.396
2017-11-20,10.039
2017-11-21,10.737
2017-11-22,10.405
2017-11-23,10.228
2017-11-24,9.665
2017-11-25,9.415
2017-11-26,9.81
2017-11-27,10.809
2017-11-28,9.002
2017-11-29,9.587
2017-11-30,9.552
2017-12-01,9.611
2017-12-02,9.692
2017-12-03,10.01
2017-12-04,9.135
2017-12-05,9.485
2017-12-06,9.876
2017-12-07,9.444
2017-12-08,9.668
2017-12-09,9.732
2017-12-10,9.211
2017-12-11,9.594
2017-12-12,9.3
2017-12-13,8.834
2017-12-14,9.323
2017-12-15,9.43
2017-12-16,8.952
2017-12-17,8.845
2017-12-18,8.885
2017-12-19,7.905
2017-12-20,8.382
2017-12-21,9.303
2017-12-22,8.85
2017-12-23,8.596
2017-12-24,9.149
2017-12-25,9.909
2017-12-26,9.283
2017-12-27,9.202
2017-12-28,9.586
2017-12-29,9.268
2017-12-30,9.067
2017-12-31,8.938
2018-01-01,8.997
2018-01-02,8.868
2018-01-03,9.226
2018-01-04,10.493
2018-01-05,9.731
2018-01-06,8.836
2018-01-07,10.777
2018-01-08,8.705
2018-01-09,8.516
2018-01-10,8.25
2018-01-11,8.796
2018-01-12,9.756
2018-01-13,9.394
2018-01-14,9.926
2018-01-15,7.773
2018-01-16,9.624
2018-01-17,8.846
2018-01-18,9.728
2018-01-19,8.674
2018-01-20,8.743
2018-01-21,9.369
2018-01-22,9.584
2018-01-23,10.632
2018-01-24,10.419
2018-01-25,9.501
2018-01-26,8.849
2018-01-27,10.03
2018-01-28,10.725
2018-01-29,9.123
2018-01-30,9.751
2018-01-31,9.732
2018-02-01,9.897
2018-02-02,9.759
2018-02-03,10.519
2018-02-04,10.456
2018-02-05,10.167
2018-02-06,10.226
2018-02-07,10.62
2018-02-08,10.443
2018-02-09,10.047
2018-02-10,10.575
2018-02-11,10.519
2018-02-12,11.296
2018-02-13,9.885
2018-02-14,10.806
2018-02-15,10.818
2018-02-16,10.735
2018-02-17,10.976
2018-02-18,10.59
2018-02-19,10.658
2018-02-20,10.813
2018-02-21,11.384
2018-02-22,11.722
2018-02-23,10.594
2018-02-24,12.086
2018-02-25,11.154
2018-02-26,11.189
2018-02-27,12.236
2018-02-28,12.095
2018-03-01,11.642
2018-03-02,12.198
2018-03-03,12.204
2018-03-04,12.172
2018-03-05,11.901
2018-03-06,12.838
2018-03-07,11.485
2018-03-08,12.579
2018-03-09,12.53
2018-03-10,11.984
2018-03-11,12.652
2018-03-12,12.502
2018-03-13,13.113
2018-03-14,12.067
2018-03-15,12.953
2018-03-16,12.73
2018-03-17,13.812
2018-03-18,12.852
2018-03-19,13.654
2018-03-20,13.496
2018-03-21,14.241
2018-03-22,13.432
2018-03-23,14.341
2018-03-24,13.496
2018-03-25,12.961
2018-03-26,14.823
2018-03-27,13.845
2018-03-28,13.894
2018-03-29,13.28
2018-03-30,14.626
2018-03-31,14.31
2018-04-01,13.532
2018-04-02,14.839
2018-04-03,14.857
2018-04-04,15.32
2018-04-05,14.242
2018-04-06,15.169
2018-04-07,14.528
2018-04-08,14.35
2018-04-09,15.294
2018-04-10,15.283
2018-04-11,15.576
2018-04-12,15.323
2018-04-13,14.622
2018-04-14,15.624
2018-04-15,14.883
2018-04-16,15.726
2018-04-17,15.656
2018-04-18,16.436
2018-04-19,15.673
2018-04-20,16.145
2018-04-21,16.139
2018-04-22,15.936
2018-04-23,16.246
2018-04-24,16.22
2018-04-25,16.228
2018-04-26,15.855
2018-04-27,16.177
2018-04-28,17.485
2018-04-29,16.554
2018-04-30,17.59
2018-05-01,17.572
2018-05-02,16.79
2018-05-03,16.422
2018-05-04,16.882
2018-05-05,16.89
2018-05-06,17.42
2018-05-07,16.529
2018-05-08,17.981
2018-05-09,16.347
2018-05-10,17.87
2018-05-11,17.084
2018-05-12,17.396
2018-05-13,17.815
2018-05-14,18.229
2018-05-15,18.583
2018-05-16,18.078
2018-05-17,17.662
2018-05-18,18.356
2018-05-19,17.127
2018-05-20,17.787
2018-05-21,17.916
2018-05-22,18.715
2018-05-23,18.68
2018-05-24,17.684
2018-05-25,18.633
2018-05-26,18.768
2018-05-27,19.087
2018-05-28,18.481
2018-05-29,18.226
2018-05-30,17.703
2018-05-31,18.067
2018-06-01,18.513
2018-06-02,19.287
2018-06-03,19.286
2018-06-04,18.829
2018-06-05,18.705
2018-06-06,19.207
2018-06-07,19.309
2018-06-08,18.44
2018-06-09,18.984
2018-06-10,19.177
2018-06-11,19.22
2018-06-12,19.239
2018-06-13,19.05
2018-06-14,19.088
2018-06-15,19.371
2018-06-16,18.548
2018-06-17,18.38
2018-06-18,18.717
2018-06-19,18.543
2018-06-20,19.295
2018-06-21,19.141
2018-06-22,19.027
2018-06-23,18.838
2018-06-24,18.633
2018-06-25,20.024
2018-06-26,18.875
2018-06-27,19.138
2018-06-28,18.311
2018-06-29,19.187
2018-06-30,20.007
2018-07-01,19.309
2018-07-02,19.153
2018-07-03,19.883
2018-07-04,18.096
2018-07-05,18.919
2018-07-06,20.151
2018-07-07,19.957
2018-07-08,18.718
2018-07-09,18.339
2018-07-10,20.309
2018-07-11,19.288
2018-07-12,19.706
2018-07-13,19.174
2018-07-14,19.189
2018-07-15,18.604
2018-07-16,18.808
2018-07-17,19.518
2018-07-18,18.584
2018-07-19,19.153
2018-07-20,19.905
2018-07-21,19.099
2018-07-22,19.552
2018-07-23,18.683
2018-07-24,18.417
2018-07-25,18.116
2018-07-26,18.857
2018-07-27,19.264
2018-07-28,18.568
2018-07-29,19.684
2018-07-30,18.721
2018-07-31,17.838
2018-08-01,17.684
2018-08-02,18.233
2018-08-03,18.601
2018-08-04,17.84
2018-08-05,16.993
2018-08-06,17.519
2018-08-07,17.907
2018-08-08,17.383
2018-08-09,17.546
2018-08-10,17.462
2018-08-11,17.923
2018-08-12,17.156
2018-08-13,18.46
2018-08-14,16.776
2018-08-15,17.671
2018-08-16,17.707
2018-08-17,17.032
2018-08-18,17.32
2018-08-19,17.845
2018-08-20,17.083
2018-08-21,17.016
2018-08-22,17.586
2018-08-23,17.617
2018-08-24,16.502
2018-08-25,16.912
2018-08-26,16.616
2018-08-27,16.498
2018-08-28,17.316
2018-08-29,16.861
2018-08-30,17.159
2018-08-31,16.285
2018-09-01,16.893
2018-09-02,15.65
2018-09-03,16.273
2018-09-04,17.003
2018-09-05,16.328
2018-09-06,15.819
2018-09-07,15.641
2018-09-08,15.745
2018-09-09,15.907
2018-09-10,15.473
2018-09-11,14.75
2018-09-12,15.762
2018-09-13,15.138
2018-09-14,15.626
2018-09-15,14.992
2018-09-16,15.135
2018-09-17,15.714
2018-09-18,15.601
2018-09-19,14.469
2018-09-20,15.089
2018-09-21,14.835
2018-09-22,15.209
2018-09-23,14.287
2018-09-24,14.966
2018-09-25,14.265
2018-09-26,13.928
2018-09-27,13.292
2018-09-28,13.77
2018-09-29,13.822
2018-09-30,13.1
2018-10-01,13.747
2018-10-02,14.095
2018-10-03,12.992
2018-10-04,13.544
2018-10-05,14.265
2018-10-06,13.58
2018-10-07,13.105
2018-10-08,12.401
2018-10-09,11.976
2018-10-10,12.728
2018-10-11,12.729
2018-10-12,12.058
2018-10-13,13.609
2018-10-14,12.863
2018-10-15,12.811
2018-10-16,12.348
2018-10-17,12.954
2018-10-18,12.768
2018-10-19,12.868
2018-10-20,11.732
2018-10-21,12.102
2018-10-22,12.513
2018-10-23,11.865
2018-10-24,12.074
2018-10-25,11.925
2018-10-26,12.614
2018-10-27,11.433
2018-10-28,10.613
2018-10-29,11.77
2018-10-30,11.381
2018-10-31,12.462
2018-11-01,10.884
2018-11-02,11.495
2018-11-03,11.75
2018-11-04,10.242
2018-11-05,10.772
2018-11-06,11.084
2018-11-07,10.943
2018-11-08,11.347
2018-11-09,11.109
2018-11-10,10.362
2018-11-11,10.124
2018-11-12,10.897
2018-11-13,11.151
2018-11-14,9.774
2018-11-15,10.046
2018-11-16,10.161
2018-11-17,10.659
2018-11-18,9.502
2018-11-19,9.539
2018-11-20,10.94
2018-11-21,9.815
2018-11-22,10.26
2018-11-23,10.867
2018-11-24,9.313
2018-11-25,9.644
2018-11-26,9.171
2018-11-27,9.545
2018-11-28,9.438
2018-11-29,8.681
2018-11-30,9.666
2018-12-01,9.493
2018-12-02,8.915
2018-12-03,9.977
2018-12-04,9.043
2018-12-05,8.757
2018-12-06,9.708
2018-12-07,9.424
2018-12-08,10.003
2018-12-09,9.76
2018-12-10,8.746
2018-12-11,8.706
2018-12-12,8.909
2018-12-13,9.627
2018-12-14,9.266
2018-12-15,10.112
2018-12-16,9.058
2018-12-17,10.316
2018-12-18,9.047
2018-12-19,8.747
2018-12-20,9.959
2018-12-21,9.727
2018-12-22,9.812
2018-12-23,8.666
2018-12-24,8.553
2018-12-25,9.712
2018-12-26,8.12
2018-12-27,9.438
2018-12-28,7.632
2018-12-29,9.36
2018-12-30,9.096
2018-12-31,9.08
2019-01-01,9.101
2019-01-02,8.95
2019-01-03,9.305
2019-01-04,9.231
2019-01-05,9.238
2019-01-06,9.363
2019-01-07,9.429
2019-01-08,9.478
2019-01-09,8.122
2019-01-10,9.616
2019-01-11,9.431
2019-01-12,9.3
2019-01-13,9.568
2019-01-14,10.412
2019-01-15,8.508
2019-01-16,8.959
2019-01-17,8.817
2019-01-18,9.977
2019-01-19,9.962
2019-01-20,9.997
2019-01-21,9.421
2019-01-22,9.643
2019-01-23,9.675
2019-01-24,10.335
2019-01-25,9.891
2019-01-26,9.654
2019-01-27,9.393
2019-01-28,10.121
2019-01-29,9.611
2019-01-30,10.135
2019-01-31,10.342
2019-02-01,10.871
2019-02-02,9.636
2019-02-03,9.376
2019-02-04,9.246
2019-02-05,9.553
2019-02-06,10.805
2019-02-07,9.834
2019-02-08,10.076
2019-02-09,10.101
2019-02-10,10.693
2019-02-11,11.474
2019-02-12,10.953
2019-02-13,10.817
2019-02-14,10.286
2019-02-15,10.732
2019-02-16,10.883
2019-02-17,11.49
2019-02-18,12.353
2019-02-19,11.392
2019-02-20,10.482
2019-02-21,11.219
2019-02-22,11.372
2019-02-23,10.921
2019-02-24,11.792
2019-02-25,11.758
2019-02-26,10.795
2019-02-27,11.839
2019-02-28,11.96
2019-03-01,12.424
2019-03-02,12.957
2019-03-03,12.12
2019-03-04,12.318
2019-03-05,12.426
2019-03-06,12.289
2019-03-07,12.3
2019-03-08,12.189
2019-03-09,12.056
2019-03-10,13.359
2019-03-11,12.954
2019-03-12,13.005
2019-03-13,11.968
2019-03-14,13.274
2019-03-15,13.718
2019-03-16,12.369
2019-03-17,13.385
2019-03-18,13.619
2019-03-19,12.938
2019-03-20,12.855
2019-03-21,13.629
2019-03-22,14.226
2019-03-23,13.672
2019-03-24,13.689
2019-03-25,13.388
2019-03-26,13.501
2019-03-27,13.589
2019-03-28,14.527
2019-03-29,14.638
2019-03-30,15.119
2019-03-31,13.956
2019-04-01,14.328
2019-04-02,14.389
2019-04-03,14.053
2019-04-04,14.649
2019-04-05,14.685
2019-04-06,14.116
2019-04-07,14.96
2019-04-08,15.65
2019-04-09,15.535
2019-04-10,15.15
2019-04-11,15.592
2019-04-12,15.911
2019-04-13,15.461
2019-04-14,16.269
2019-04-15,15.515
2019-04-16,16.71
2019-04-17,17.149
2019-04-18,15.276
2019-04-19,15.635
2019-04-20,15.533
2019-04-21,16.844
2019-04-22,15.725
2019-04-23,16.435
2019-04-24,16.896
2019-04-25,16.274
2019-04-26,16.824
2019-04-27,16.37
2019-04-28,15.959
2019-04-29,16.579
2019-04-30,16.176
2019-05-01,16.978
2019-05-02,16.569
2019-05-03,16.554
2019-05-04,16.671
2019-05-05,17.357
2019-05-06,16.893
2019-05-07,17.241
2019-05-08,17.503
2019-05-09,17.498
2019-05-10,17.464
2019-05-11,17.538
2019-05-12,17.323
2019-05-13,17.36
2019-05-14,17.673
2019-05-15,18.436
2019-05-16,17.553
2019-05-17,18.032
2019-05-18,18.331
2019-05-19,18.102
2019-05-20,17.843
2019-05-21,17.822
2019-05-22,17.459
2019-05-23,18.877
2019-05-24,18.138
2019-05-25,18.527
2019-05-26,19.056
2019-05-27,18.725
2019-05-28,18.268
2019-05-29,18.793
2019-05-30,18.371
2019-05-31,17.943
2019-06-01,17.734
2019-06-02,19.778
2019-06-03,18.889
2019-06-04,18.389
2019-06-05,19.343
2019-06-06,19.149
2019-06-07,19.111
2019-06-08,18.973
2019-06-09,18.592
2019-06-10,18.599
2019-06-11,18.742
2019-06-12,18.485
2019-06-13,19.757
2019-06-14,18.708
2019-06-15,18.683
2019-06-16,19.299
2019-06-17,18.732
2019-06-18,19.016
2019-06-19,18.913
2019-06-20,18.753
2019-06-21,18.872
2019-06-22,18.503
2019-06-23,19.217
2019-06-24,18.651
2019-06-25,18.605
2019-06-26,19.42
2019-06-27,19.624
2019-06-28,19.152
2019-06-29,19.668
2019-06-30,18.395
2019-07-01,19.348
2019-07-02,19.248
2019-07-03,18.37
2019-07-04,19.626
2019-07-05,19.605
2019-07-06,19.586
2019-07-07,18.839
2019-07-08,17.875
2019-07-09,19.316
2019-07-10,19.245
2019-07-11,19.505
2019-07-12,19.062
2019-07-13,19.448
2019-07-14,18.78
2019-07-15,18.045
2019-07-16,18.888
2019-07-17,18.934
2019-07-18,18.901
2019-07-19,18.704
2019-07-20,19.62
2019-07-21,18.621
2019-07-22,18.472
2019-07-23,18.906
2019-07-24,18.45
2019-07-25,17.487
2019-07-26,17.954
2019-07-27,18.581
2019-07-28,18.939
2019-07-29,19.242
2019-07-30,18.704
2019-07-31,19.279
2019-08-01,17.976
2019-08-02,18.137
2019-08-03,18.621
2019-08-04,18.662
2019-08-05,17.913
2019-08-06,19.244
2019-08-07,18.08
2019-08-08,18.12
2019-08-09,17.498
2019-08-10,18.086
2019-08-11,17.193
2019-08-12,18.22
2019-08-13,18.361
2019-08-14,17.471
2019-08-15,17.697
2019-08-16,16.709
2019-08-17,16.9
2019-08-18,17.613
2019-08-19,17.368
2019-08-20,17.319
2019-08-21,17.367
2019-08-22,17.577
2019-08-23,17.507
2019-08-24,16.894
2019-08-25,16.441
2019-08-26,16.715
2019-08-27,15.985
2019-08-28,16.161
2019-08-29,16.121
2019-08-30,14.645
2019-08-31,16.157
2019-09-01,16.021
2019-09-02,15.612
2019-09-03,15.885
2019-09-04,15.305
2019-09-05,16.518
2019-09-06,15.804
2019-09-07,15.637
2019-09-08,16.205
2019-09-09,15.567
2019-09-10,15.702
2019-09-11,15.063
2019-09-12,14.751
2019-09-13,15.297
2019-09-14,14.958
2019-09-15,15.067
2019-09-16,15.967
2019-09-17,15.36
2019-09-18,14.757
2019-09-19,14.942
2019-09-20,14.518
2019-09-21,15.255
2019-09-22,14.995
2019-09-23,15.09
2019-09-24,14.009
2019-09-25,14.921
2019-09-26,14.558
2019-09-27,13.718
2019-09-28,14.459
2019-09-29,14.833
2019-09-30,13.982
2019-10-01,14.423
2019-10-02,14.238
2019-10-03,13.481
2019-10-04,13.086
2019-10-05,13.531
2019-10-06,13.213
2019-10-07,12.252
2019-10-08,13.398
2019-10-09,13.765
2019-10-10,12.688
2019-10-11,13.226
2019-10-12,13.025
2019-10-13,12.218
2019-10-14,13.201
2019-10-15,13.492
2019-10-16,12.013
2019-10-17,12.966
2019-10-18,12.108
2019-10-19,12.769
2019-10-20,12.288
2019-10-21,11.554
2019-10-22,12.328
2019-10-23,13.069
2019-10-24,11.668
2019-10-25,12.2
2019-10-26,12.187
2019-10-27,11.854
2019-10-28,10.724
2019-10-29,11.202
2019-10-30,11.505
2019-10-31,11.613
2019-11-01,11.574
2019-11-02,12.244
2019-11-03,11.552
2019-11-04,10.501
2019-11-05,11.142
2019-11-06,11.011
2019-11-07,10.658
2019-11-08,11.147
2019-11-09,11.171
2019-11-10,11.747
2019-11-11,11.001
2019-11-12,10.14
2019-11-13,9.652
2019-11-14,10.751
2019-11-15,9.753
2019-11-16,10.943
2019-11-17,9.914
2019-11-18,11.463
2019-11-19,10.421
2019-11-20,9.734
2019-11-21,9.478
2019-11-22,10.948
2019-11-23,10.393
2019-11-24,9.971
2019-11-25,9.973
2019-11-26,9.766
2019-11-27,10.645
2019-11-28,8.902
2019-11-29,9.942
2019-11-30,9.969
2019-12-01,8.709
2019-12-02,10.294
2019-12-03,9.922
2019-12-04,9.925
2019-12-05,8.721
2019-12-06,8.959
2019-12-07,9.565
2019-12-08,9.944
2019-12-09,9.932
2019-12-10,9.156
2019-12-11,9.799
2019-12-12,9.198
2019-12-13,9.101
2019-12-14,8.854
2019-12-15,9.825
2019-12-16,9.345
2019-12-17,9.901
2019-12-18,9.666
2019-12-19,9.667
2019-12-20,9.894
2019-12-21,8.928
2019-12-22,8.374
2019-12-23,8.946
2019-12-24,9.172
2019-12-25,9.707
2019-12-26,8.994
2019-12-27,8.013
2019-12-28,8.679
2019-12-29,8.693
2019-12-30,9.071
2019-12-31,9.436
2020-01-01,9.761
2020-01-02,9.118
2020-01-03,8.519
2020-01-04,9.182
2020-01-05,9.569
2020-01-06,10.256
2020-01-07,8.992
2020-01-08,8.756
2020-01-09,8.575
2020-01-10,9.5
2020-01-11,8.807
2020-01-12,10.343
2020-01-13,8.939
2020-01-14,8.939
2020-01-15,10.411
2020-01-16,9.164
2020-01-17,9.048
2020-01-18,9.826
2020-01-19,9.516
2020-01-20,9.498
2020-01-21,9.48
2020-01-22,9.886
2020-01-23,9.217
2020-01-24,9.685
2020-01-25,9.988
2020-01-26,9.511
2020-01-27,10.476
2020-01-28,9.792
2020-01-29,10.052
2020-01-30,9.831
2020-01-31,10.611
2020-02-01,11.185
2020-02-02,9.719
2020-02-03,10.51
2020-02-04,10.272
2020-02-05,10.419
2020-02-06,10.321
2020-02-07,11.34
2020-02-08,10.861
2020-02-09,10.652
2020-02-10,10.772
2020-02-11,10.892
2020-02-12,10.031
2020-02-13,10.743
2020-02-14,11.263
2020-02-15,10.665
2020-02-16,11.01
2020-02-17,10.323
2020-02-18,11.747
2020-02-19,11.206
2020-02-20,11.414
2020-02-21,11.433
2020-02-22,12.101
2020-02-23,11.246
2020-02-24,10.879
2020-02-25,12.22
2020-02-26,10.639
2020-02-27,12.253
2020-02-28,12.46
2020-02-29,12.489
2020-03-01,11.995
2020-03-02,12.442
2020-03-03,11.977
2020-03-04,12.139
2020-03-05,12.009
2020-03-06,12.011
2020-03-07,13.412
2020-03-08,12.712
2020-03-09,13.336
2020-03-10,13.162
2020-03-11,13.526
2020-03-12,12.443
2020-03-13,12.494
2020-03-14,13.84
2020-03-15,12.766
2020-03-16,12.607
2020-03-17,14.472
2020-03-18,13.675
2020-03-19,14.183
2020-03-20,13.813
2020-03-21,13.277
2020-03-22,14.232
2020-03-23,13.885
2020-03-24,13.928
2020-03-25,13.485
2020-03-26,14.419
2020-03-27,14.71
2020-03-28,14.532
2020-03-29,15.255
2020-03-30,14.862
2020-03-31,14.916
2020-04-01,14.606
2020-04-02,14.575
2020-04-03,15.176
2020-04-04,14.585
2020-04-05,14.109
2020-04-06,14.993
2020-04-07,15.013
2020-04-08,15.781
2020-04-09,15.393
2020-04-10,14.614
2020-04-11,16.313
2020-04-12,15.363
2020-04-13,16.149
2020-04-14,16.646
2020-04-15,15.965
2020-04-16,15.484
2020-04-17,16.001
2020-04-18,16.709
2020-04-19,15.323
2020-04-20,16.095
2020-04-21,17.123
2020-04-22,15.633
2020-04-23,16.599
2020-04-24,17.364
2020-04-25,17.262
2020-04-26,16.186
2020-04-27,16.506
2020-04-28,17.594
2020-04-29,17.154
2020-04-30,17.273
2020-05-01,17.08
2020-05-02,17.403
2020-05-03,17.702
2020-05-04,17.055
2020-05-05,15.953
2020-05-06,16.922
2020-05-07,16.467
2020-05-08,17.242
2020-05-09,17.827
2020-05-10,17.827
2020-05-11,18.246
2020-05-12,18.158
2020-05-13,17.318
2020-05-14,17.9
2020-05-15,17.696
2020-05-16,17.591
2020-05-17,17.91
2020-05-18,17.884
2020-05-19,17.329
2020-05-20,17.558
2020-05-21,17.987
2020-05-22,18.616
2020-05-23,18.202
2020-05-24,19.115
2020-05-25,18.347
2020-05-26,18.154
2020-05-27,18.578
2020-05-28,18.714
2020-05-29,18.163
2020-05-30,19.016
2020-05-31,18.546
2020-06-01,18.999
2020-06-02,19.506
2020-06-03,18.533
2020-06-04,19.375
2020-06-05,20.039
2020-06-06,18.997
2020-06-07,18.852
2020-06-08,18.843
2020-06-09,18.971
2020-06-10,19.14
2020-06-11,19.265
2020-06-12,19.726
2020-06-13,18.761
2020-06-14,18.512
2020-06-15,19.384
2020-06-16,18.875
2020-06-17,19.579
2020-06-18,18.858
2020-06-19,18.923
2020-06-20,18.777
2020-06-21,19.475
2020-06-22,19.593
2020-06-23,20.008
2020-06-24,18.457
2020-06-25,18.774
2020-06-26,19.221
2020-06-27,19.474
2020-06-28,19.993
2020-06-29,19.082
2020-06-30,18.793
2020-07-01,19.522
2020-07-02,19.07
2020-07-03,18.873
2020-07-04,19.695
2020-07-05,19.203
2020-07-06,19.387
2020-07-07,19.0
2020-07-08,19.412
2020-07-09,19.286
2020-07-10,19.776
2020-07-11,18.231
2020-07-12,18.64
2020-07-13,17.755
2020-07-14,19.566
2020-07-15,19.139
2020-07-16,18.965
2020-07-17,18.527
2020-07-18,19.535
2020-07-19,18.424
2020-07-20,19.069
2020-07-21,18.476
2020-07-22,19.373
2020-07-23,18.64
2020-07-24,18.695
2020-07-25,18.737
2020-07-26,19.215
2020-07-27,18.485
2020-07-28,18.618
2020-07-29,18.311
2020-07-30,18.567
2020-07-31,18.366
2020-08-01,17.744
2020-08-02,18.366
2020-08-03,17.336
2020-08-04,17.676
2020-08-05,17.68
2020-08-06,18.765
2020-08-07,18.72
2020-08-08,17.499
2020-08-09,17.533
2020-08-10,17.976
2020-08-11,17.46
2020-08-12,17.761
2020-08-13,17.093
2020-08-14,17.828
2020-08-15,16.68
2020-08-16,17.369
2020-08-17,17.407
2020-08-18,17.493
2020-08-19,17.874
2020-08-20,17.616
2020-08-21,17.128
2020-08-22,17.11
2020-08-23,17.285
2020-08-24,16.179
2020-08-25,16.641
2020-08-26,17.271
2020-08-27,16.886
2020-08-28,15.235
2020-08-29,16.276
2020-08-30,16.467
2020-08-31,15.631
2020-09-01,16.832
2020-09-02,15.57
2020-09-03,16.135
2020-09-04,14.953
2020-09-05,15.934
2020-09-06,15.704
2020-09-07,15.334
2020-09-08,15.397
2020-09-09,15.732
2020-09-10,15.102
2020-09-11,15.154
2020-09-12,15.659
2020-09-13,15.563
2020-09-14,15.533
2020-09-15,15.956
2020-09-16,15.597
2020-09-17,13.992
2020-09-18,14.225
2020-09-19,15.041
2020-09-20,15.031
2020-09-21,14.481
2020-09-22,14.996
2020-09-23,14.578
2020-09-24,14.004
2020-09-25,13.927
2020-09-26,14.676
2020-09-27,13.631
2020-09-28,14.417
2020-09-29,14.032
2020-09-30,13.599
2020-10-01,13.675
2020-10-02,13.395
2020-10-03,13.935
2020-10-04,13.706
2020-10-05,13.051
2020-10-06,13.062
2020-10-07,12.648
2020-10-08,13.084
2020-10-09,12.306
2020-10-10,13.246
2020-10-11,12.996
2020-10-12,12.764
2020-10-13,13.453
2020-10-14,12.694
2020-10-15,12.034
2020-10-16,12.447
2020-10-17,12.917
2020-10-18,12.462
2020-10-19,12.121
2020-10-20,11.23
2020-10-21,11.905
2020-10-22,11.906
2020-10-23,12.245
2020-10-24,12.934
2020-10-25,11.767
2020-10-26,11.519
2020-10-27,11.511
2020-10-28,11.496
2020-10-29,11.278
2020-10-30,11.503
2020-10-31,11.498
2020-11-01,11.703
2020-11-02,11.423
2020-11-03,11.308
2020-11-04,11.503
2020-11-05,11.382
2020-11-06,10.78
2020-11-07,10.911
2020-11-08,11.409
2020-11-09,11.724
2020-11-10,10.505
2020-11-11,10.81
2020-11-12,10.126
2020-11-13,10.666
2020-11-14,10.491
2020-11-15,9.7
2020-11-16,10.694
2020-11-17,10.001
2020-11-18,10.777
2020-11-19,10.156
2020-11-20,10.041
2020-11-21,10.571
2020-11-22,9.564
2020-11-23,9.9
2020-11-24,9.792
2020-11-25,9.353
2020-11-26,9.0
2020-11-27,9.208
2020-11-28,8.711
2020-11-29,9.825
2020-11-30,9.333
2020-12-01,9.416
2020-12-02,10.389
2020-12-03,9.672
2020-12-04,9.329
2020-12-05,8.92
2020-12-06,9.239
2020-12-07,9.355
2020-12-08,9.482
2020-12-09,9.717
2020-12-10,9.086
2020-12-11,9.396
2020-12-12,9.395
2020-12-13,9.783
2020-12-14,9.438
2020-12-15,9.691
2020-12-16,9.473
2020-12-17,10.016
2020-12-18,8.661
2020-12-19,9.196
2020-12-20,8.863
2020-12-21,9.033
2020-12-22,9.124
2020-12-23,8.457
2020-12-24,9.467
2020-12-25,9.148
2020-12-26,9.431
2020-12-27,9.784
2020-12-28,9.303
2020-12-29,9.96
2020-12-30,8.702
2020-12-31,9.686
2021-01-01,8.607
2021-01-02,9.107
2021-01-03,9.831
2021-01-04,8.701
2021-01-05,8.179
2021-01-06,9.547
2021-01-07,8.944
2021-01-08,8.513
2021-01-09,8.933
2021-01-10,9.684
2021-01-11,8.754
2021-01-12,9.332
2021-01-13,9.806
2021-01-14,9.168
2021-01-15,9.761
2021-01-16,9.244
2021-01-17,10.163
2021-01-18,10.107
2021-01-19,9.048
2021-01-20,9.613
2021-01-21,9.263
2021-01-22,9.491
2021-01-23,9.822
2021-01-24,9.825
2021-01-25,9.931
2021-01-26,9.369
2021-01-27,10.433
2021-01-28,10.289
2021-01-29,10.265
2021-01-30,10.272
2021-01-31,10.165
2021-02-01,10.418
2021-02-02,10.158
2021-02-03,10.054
2021-02-04,10.221
2021-02-05,11.238
2021-02-06,10.301
2021-02-07,11.207
2021-02-08,10.65
2021-02-09,9.939
2021-02-10,10.246
2021-02-11,11.0
2021-02-12,10.135
2021-02-13,11.368
2021-02-14,10.829
2021-02-15,11.306
2021-02-16,11.287
2021-02-17,11.27
2021-02-18,11.484
2021-02-19,10.706
2021-02-20,10.992
2021-02-21,11.301
2021-02-22,10.893
2021-02-23,10.993
2021-02-24,12.017
2021-02-25,11.406
2021-02-26,12.334
2021-02-27,12.159
2021-02-28,11.848
2021-03-01,11.616
2021-03-02,11.884
2021-03-03,12.561
2021-03-04,12.377
2021-03-05,11.37
2021-03-06,13.227
2021-03-07,12.831
2021-03-08,11.637
2021-03-09,13.138
2021-03-10,13.652
2021-03-11,12.963
2021-03-12,12.484
2021-03-13,13.686
2021-03-14,12.35
2021-03-15,13.099
2021-03-16,13.605
2021-03-17,13.497
2021-03-18,13.034
2021-03-19,14.112
2021-03-20,13.48
2021-03-21,12.578
2021-03-22,13.373
2021-03-23,13.481
2021-03-24,13.756
2021-03-25,13.156
2021-03-26,13.798
2021-03-27,14.017
2021-03-28,14.892
2021-03-29,14.989
2021-03-30,13.801
2021-03-31,15.161
2021-04-01,14.043
2021-04-02,14.045
2021-04-03,14.425
2021-04-04,15.215
2021-04-05,14.707
2021-04-06,15.179
2021-04-07,14.223
2021-04-08,14.237
2021-04-09,15.644
2021-04-10,16.225
2021-04-11,15.691
2021-04-12,15.983
2021-04-13,15.616
2021-04-14,15.415
2021-04-15,15.477
2021-04-16,15.672
2021-04-17,15.167
2021-04-18,16.189
2021-04-19,15.327
2021-04-20,16.369
2021-04-21,17.033
2021-04-22,17.128
2021-04-23,15.878
2021-04-24,15.701
2021-04-25,17.225
2021-04-26,16.493
2021-04-27,17.83
2021-04-28,16.774
2021-04-29,16.974
2021-04-30,17.441
2021-05-01,16.596
2021-05-02,16.752
2021-05-03,16.666
2021-05-04,17.321
2021-05-05,17.112
2021-05-06,16.828
2021-05-07,17.563
2021-05-08,17.82
2021-05-09,17.333
2021-05-10,17.853
2021-05-11,18.149
2021-05-12,17.532
2021-05-13,18.19
2021-05-14,17.123
2021-05-15,18.354
2021-05-16,16.759
2021-05-17,18.033
2021-05-18,17.942
2021-05-19,17.458
2021-05-20,18.565
2021-05-21,17.323
2021-05-22,18.206
2021-05-23,17.925
2021-05-24,18.324
2021-05-25,18.694
2021-05-26,17.698
2021-05-27,17.315
2021-05-28,19.476
2021-05-29,18.322
2021-05-30,18.843
2021-05-31,18.422
2021-06-01,18.167
2021-06-02,19.376
2021-06-03,19.312
2021-06-04,19.37
2021-06-05,19.643
2021-06-06,18.473
2021-06-07,18.522
2021-06-08,17.991
2021-06-09,18.512
2021-06-10,19.372
2021-06-11,18.035
2021-06-12,18.654
2021-06-13,17.935
2021-06-14,18.527
2021-06-15,19.495
2021-06-16,19.418
2021-06-17,18.589
2021-06-18,19.382
2021-06-19,19.884
2021-06-20,18.783
2021-06-21,18.471
2021-06-22,18.362
2021-06-23,18.86
2021-06-24,19.404
2021-06-25,19.244
2021-06-26,19.247
2021-06-27,18.973
2021-06-28,19.047
2021-06-29,17.975
2021-06-30,19.506
2021-07-01,20.013
2021-07-02,19.347
2021-07-03,19.88
2021-07-04,19.674
2021-07-05,19.205
2021-07-06,18.069
2021-07-07,18.139
2021-07-08,18.748
2021-07-09,18.553
2021-07-10,18.999
2021-07-11,18.792
2021-07-12,18.779
2021-07-13,18.459
2021-07-14,19.077
2021-07-15,18.037
2021-07-16,19.438
2021-07-17,19.232
2021-07-18,18.62
2021-07-19,18.778
2021-07-20,18.763
2021-07-21,18.675
2021-07-22,18.761
2021-07-23,18.751
2021-07-24,18.711
2021-07-25,18.317
2021-07-26,18.532
2021-07-27,19.383
2021-07-28,17.717
2021-07-29,19.486
2021-07-30,19.337
2021-07-31,17.906
2021-08-01,18.172
2021-08-02,18.5
2021-08-03,18.659
2021-08-04,18.744
2021-08-05,17.772
2021-08-06,18.826
2021-08-07,18.07
2021-08-08,18.149
2021-08-09,18.409
2021-08-10,18.201
2021-08-11,16.964
2021-08-12,17.286
2021-08-13,18.202
2021-08-14,18.332
2021-08-15,16.766
2021-08-16,17.194
2021-08-17,17.39
2021-08-18,16.849
2021-08-19,17.0
2021-08-20,17.619
2021-08-21,16.625
2021-08-22,17.347
2021-08-23,16.99
2021-08-24,16.912
2021-08-25,16.503
2021-08-26,17.169
2021-08-27,17.512
2021-08-28,16.722
2021-08-29,16.905
2021-08-30,16.364
2021-08-31,16.947
2021-09-01,16.611
2021-09-02,15.948
2021-09-03,16.082
2021-09-04,16.11
2021-09-05,16.129
2021-09-06,15.403
2021-09-07,15.596
2021-09-08,15.675
2021-09-09,15.25
2021-09-10,14.949
2021-09-11,16.574
2021-09-12,15.311
2021-09-13,15.398
2021-09-14,14.57
2021-09-15,15.34
2021-09-16,14.656
2021-09-17,15.351
2021-09-18,14.21
2021-09-19,14.893
2021-09-20,14.161
2021-09-21,15.912
2021-09-22,14.286
2021-09-23,14.192
2021-09-24,14.601
2021-09-25,14.763
2021-09-26,13.34
2021-09-27,14.493
2021-09-28,14.387
2021-09-29,14.069
2021-09-30,14.035
2021-10-01,14.568
2021-10-02,14.003
2021-10-03,12.761
2021-10-04,14.073
2021-10-05,12.918
2021-10-06,13.496
2021-10-07,13.958
2021-10-08,12.933
2021-10-09,12.398
2021-10-10,12.961
2021-10-11,12.813
2021-10-12,13.22
2021-10-13,12.547
2021-10-14,13.214
2021-10-15,12.771
2021-10-16,13.139
2021-10-17,11.735
2021-10-18,12.799
2021-10-19,12.468
2021-10-20,11.998
2021-10-21,12.105
2021-10-22,12.93
2021-10-23,11.705
2021-10-24,12.022
2021-10-25,11.163
2021-10-26,12.124
2021-10-27,11.731
2021-10-28,11.708
2021-10-29,11.895
2021-10-30,12.058
2021-10-31,11.902
2021-11-01,11.432
2021-11-02,10.44
2021-11-03,11.721
2021-11-04,10.806
2021-11-05,10.657
2021-11-06,11.045
2021-11-07,10.562
2021-11-08,10.429
2021-11-09,10.301
2021-11-10,10.012
2021-11-11,11.306
2021-11-12,11.09
2021-11-13,10.032
2021-11-14,10.205
2021-11-15,11.596
2021-11-16,9.901
2021-11-17,10.109
2021-11-18,9.415
2021-11-19,10.013
2021-11-20,10.145
2021-11-21,9.222
2021-11-22,10.209
2021-11-23,10.37
2021-11-24,9.449
2021-11-25,9.073
2021-11-26,9.559
2021-11-27,10.162
2021-11-28,10.238
2021-11-29,10.116
2021-11-30,9.825
2021-12-01,10.001
2021-12-02,9.692
2021-12-03,9.221
2021-12-04,9.903
2021-12-05,8.726
2021-12-06,8.883
2021-12-07,9.761
2021-12-08,9.828
2021-12-09,9.42
2021-12-10,9.172
2021-12-11,9.597
2021-12-12,9.306
2021-12-13,10.019
2021-12-14,9.344
2021-12-15,9.714
2021-12-16,8.931
2021-12-17,8.639
2021-12-18,9.13
2021-12-19,8.809
2021-12-20,9.453
2021-12-21,9.002
2021-12-22,9.403
2021-12-23,8.727
2021-12-24,9.548
2021-12-25,9.939
2021-12-26,9.989
2021-12-27,9.229
2021-12-28,10.025
2021-12-29,9.428
2021-12-30,9.646
2021-12-31,9.892
2022-01-01,8.766
2022-01-02,9.482
2022-01-03,9.219
2022-01-04,9.484
2022-01-05,8.932
2022-01-06,9.784
2022-01-07,9.655
2022-01-08,9.128
2022-01-09,9.165
2022-01-10,10.084
2022-01-11,7.922
2022-01-12,9.582
2022-01-13,9.984
2022-01-14,9.26
2022-01-15,10.076
2022-01-16,9.603
2022-01-17,9.394
2022-01-18,9.984
2022-01-19,9.709
2022-01-20,10.02
2022-01-21,9.554
2022-01-22,9.163
2022-01-23,9.841
2022-01-24,10.356
2022-01-25,9.433
2022-01-26,10.207
2022-01-27,9.769
2022-01-28,10.862
2022-01-29,10.333
2022-01-30,9.847
2022-01-31,8.893
2022-02-01,10.105
2022-02-02,10.924
2022-02-03,10.362
2022-02-04,10.547
2022-02-05,11.408
2022-02-06,10.548
2022-02-07,9.935
2022-02-08,10.477
2022-02-09,10.422
2022-02-10,11.016
2022-02-11,10.162
2022-02-12,11.031
2022-02-13,10.786
2022-02-14,11.413
2022-02-15,11.102
2022-02-16,11.851
2022-02-17,11.526
2022-02-18,10.651
2022-02-19,11.205
2022-02-20,11.71
2022-02-21,10.756
2022-02-22,11.422
2022-02-23,12.014
2022-02-24,11.739
2022-02-25,12.207
2022-02-26,12.257
2022-02-27,11.881
2022-02-28,11.387
2022-03-01,11.499
2022-03-02,11.771
2022-03-03,12.846
2022-03-04,12.069
2022-03-05,11.291
2022-03-06,13.049
2022-03-07,11.565
2022-03-08,12.471
2022-03-09,11.65
2022-03-10,12.561
2022-03-11,13.71
2022-03-12,12.313
2022-03-13,12.863
2022-03-14,12.403
2022-03-15,13.066
2022-03-16,12.856
2022-03-17,13.562
2022-03-18,13.131
2022-03-19,13.769
2022-03-20,13.749
2022-03-21,14.675
2022-03-22,13.652
2022-03-23,13.77
2022-03-24,13.804
2022-03-25,13.986
2022-03-26,14.261
2022-03-27,14.031
2022-03-28,14.243
2022-03-29,13.758
2022-03-30,14.75
2022-03-31,14.039
2022-04-01,15.713
2022-04-02,14.817
2022-04-03,14.258
2022-04-04,14.484
2022-04-05,14.363
2022-04-06,15.029
2022-04-07,15.582
2022-04-08,15.284
2022-04-09,15.814
2022-04-10,15.164
2022-04-11,15.619
2022-04-12,15.824
2022-04-13,16.037
2022-04-14,15.489
2022-04-15,15.584
2022-04-16,15.911
2022-04-17,15.896
2022-04-18,16.029
2022-04-19,16.242
2022-04-20,16.039
2022-04-21,15.916
2022-04-22,16.144
2022-04-23,16.11
2022-04-24,16.86
2022-04-25,16.57
2022-04-26,16.591
2022-04-27,16.884
2022-04-28,16.281
2022-04-29,17.502
2022-04-30,16.621
2022-05-01,16.4
2022-05-02,16.83
2022-05-03,16.993
2022-05-04,16.793
2022-05-05,17.12
2022-05-06,17.284
2022-05-07,17.082
2022-05-08,17.599
2022-05-09,17.267
2022-05-10,17.449
2022-05-11,16.764
2022-05-12,17.961
2022-05-13,18.155
2022-05-14,18.163
2022-05-15,17.396
2022-05-16,17.491
2022-05-17,18.097
2022-05-18,17.908
2022-05-19,17.749
2022-05-20,17.914
2022-05-21,18.392
2022-05-22,18.324
2022-05-23,17.899
2022-05-24,18.366
2022-05-25,19.044
2022-05-26,18.694
2022-05-27,19.044
2022-05-28,18.876
2022-05-29,18.652
2022-05-30,19.018
2022-05-31,19.386
2022-06-01,18.019
2022-06-02,18.913
2022-06-03,19.241
2022-06-04,19.099
2022-06-05,18.181
2022-06-06,19.41
2022-06-07,18.47
2022-06-08,19.234
2022-06-09,18.833
2022-06-10,19.56
2022-06-11,19.866
2022-06-12,19.068
2022-06-13,19.212
2022-06-14,19.047
2022-06-15,19.75
2022-06-16,19.324
2022-06-17,18.9
2022-06-18,18.532
2022-06-19,19.625
2022-06-20,19.291
2022-06-21,19.261
2022-06-22,19.794
2022-06-23,19.449
2022-06-24,19.084
2022-06-25,19.515
2022-06-26,19.504
2022-06-27,19.394
2022-06-28,18.806
2022-06-29,18.905
2022-06-30,19.372
2022-07-01,19.288
2022-07-02,19.948
2022-07-03,18.963
2022-07-04,18.139
2022-07-05,19.235
2022-07-06,19.197
2022-07-07,18.94
2022-07-08,19.541
2022-07-09,19.121
2022-07-10,19.539
2022-07-11,19.978
2022-07-12,18.54
2022-07-13,17.888
2022-07-14,19.103
2022-07-15,19.46
2022-07-16,18.486
2022-07-17,19.303
2022-07-18,17.977
2022-07-19,19.133
2022-07-20,18.967
2022-07-21,18.817
2022-07-22,18.546
2022-07-23,19.308
2022-07-24,19.317
2022-07-25,18.808
2022-07-26,17.821
2022-07-27,18.281
2022-07-28,18.498
2022-07-29,18.086
2022-07-30,18.491
2022-07-31,18.253
2022-08-01,18.743
2022-08-02,19.039
2022-08-03,17.988
2022-08-04,17.812
2022-08-05,18.793
2022-08-06,18.493
2022-08-07,17.913
2022-08-08,17.992
2022-08-09,17.997
2022-08-10,18.363
2022-08-11,17.242
2022-08-12,17.255
2022-08-13,18.434
2022-08-14,18.166
2022-08-15,17.228
2022-08-16,17.911
2022-08-17,17.313
2022-08-18,17.381
2022-08-19,17.192
2022-08-20,17.324
2022-08-21,17.235
2022-08-22,17.246
2022-08-23,17.139
2022-08-24,16.386
2022-08-25,16.775
2022-08-26,16.69
2022-08-27,16.17
2022-08-28,17.837
2022-08-29,16.91
2022-08-30,16.965
2022-08-31,16.145
2022-09-01,16.389
2022-09-02,16.585
2022-09-03,16.668
2022-09-04,16.014
2022-09-05,17.007
2022-09-06,15.763
2022-09-07,15.636
2022-09-08,15.941
2022-09-09,14.476
2022-09-10,16.707
2022-09-11,16.369
2022-09-12,14.99
2022-09-13,15.246
2022-09-14,15.68
2022-09-15,15.492
2022-09-16,15.264
2022-09-17,14.693
2022-09-18,15.232
2022-09-19,14.948
2022-09-20,14.519
2022-09-21,14.23
2022-09-22,14.693
2022-09-23,14.975
2022-09-24,14.59
2022-09-25,14.532
2022-09-26,15.053
2022-09-27,14.673
2022-09-28,14.624
2022-09-29,14.339
2022-09-30,13.786
2022-10-01,14.456
2022-10-02,14.372
2022-10-03,14.058
2022-10-04,13.667
2022-10-05,13.312
2022-10-06,13.916
2022-10-07,13.511
2022-10-08,12.659
2022-10-09,12.853
2022-10-10,13.089
2022-10-11,12.945
2022-10-12,12.983
2022-10-13,12.716
2022-10-14,11.872
2022-10-15,13.0
2022-10-16,12.697
2022-10-17,12.284
2022-10-18,13.058
2022-10-19,12.196
2022-10-20,13.151
2022-10-21,12.089
2022-10-22,12.172
2022-10-23,12.53
2022-10-24,12.337
2022-10-25,11.543
2022-10-26,11.779
2022-10-27,12.199
2022-10-28,11.536
2022-10-29,12.089
2022-10-30,11.296
2022-10-31,10.398
2022-11-01,11.586
2022-11-02,11.832
2022-11-03,10.856
2022-11-04,10.715
2022-11-05,10.335
2022-11-06,11.225
2022-11-07,10.957
2022-11-08,10.5
2022-11-09,11.402
2022-11-10,11.353
2022-11-11,11.576
2022-11-12,11.583
2022-11-13,11.632
2022-11-14,10.605
2022-11-15,10.232
2022-11-16,10.668
2022-11-17,9.791
2022-11-18,11.417
2022-11-19,9.939
2022-11-20,10.171
2022-11-21,10.749
2022-11-22,10.388
2022-11-23,10.159
2022-11-24,9.672
2022-11-25,9.695
2022-11-26,10.843
2022-11-27,9.508
2022-11-28,10.037
2022-11-29,9.622
2022-11-30,8.816
2022-12-01,9.823
2022-12-02,9.659
2022-12-03,10.19
2022-12-04,9.787
2022-12-05,9.846
2022-12-06,10.227
2022-12-07,9.556
2022-12-08,10.029
2022-12-09,8.817
2022-12-10,9.785
2022-12-11,8.328
2022-12-12,9.825
2022-12-13,9.091
2022-12-14,9.31
2022-12-15,9.295
2022-12-16,9.17
2022-12-17,8.749
2022-12-18,8.974
2022-12-19,9.775
2022-12-20,8.85
2022-12-21,9.721
2022-12-22,10.267
2022-12-23,9.149
2022-12-24,9.373
2022-12-25,9.157
2022-12-26,9.623
2022-12-27,9.795
2022-12-28,8.567
2022-12-29,8.758
2022-12-30,8.798
2022-12-31,9.593
2023-01-01,9.584
2023-01-02,9.409
2023-01-03,9.273
2023-01-04,9.061
2023-01-05,9.491
2023-01-06,11.004
2023-01-07,8.085
2023-01-08,8.84
2023-01-09,9.874
2023-01-10,9.108
2023-01-11,9.308
2023-01-12,9.208
2023-01-13,8.648
2023-01-14,9.326
2023-01-15,9.574
2023-01-16,10.219
2023-01-17,9.369
2023-01-18,9.469
2023-01-19,9.383
2023-01-20,10.222
2023-01-21,9.783
2023-01-22,9.799
2023-01-23,10.09
2023-01-24,9.481
2023-01-25,9.567
2023-01-26,9.513
2023-01-27,10.628
2023-01-28,9.011
2023-01-29,9.754
2023-01-30,10.593
2023-01-31,10.388
2023-02-01,10.865
2023-02-02,9.775
2023-02-03,9.323
2023-02-04,10.041
2023-02-05,10.906
2023-02-06,10.364
2023-02-07,10.832
2023-02-08,10.478
2023-02-09,10.892
2023-02-10,11.507
2023-02-11,11.42
2023-02-12,10.628
2023-02-13,10.395
2023-02-14,10.593
2023-02-15,10.929
2023-02-16,10.718
2023-02-17,11.51
2023-02-18,11.615
2023-02-19,10.569
2023-02-20,10.655
2023-02-21,11.545
2023-02-22,10.883
2023-02-23,11.823
2023-02-24,12.512
2023-02-25,11.895
2023-02-26,11.655
2023-02-27,11.947
2023-02-28,12.371
2023-03-01,11.646
2023-03-02,11.629
2023-03-03,12.294
2023-03-04,12.249
2023-03-05,12.278
2023-03-06,12.469
2023-03-07,12.379
2023-03-08,11.918
2023-03-09,12.961
2023-03-10,13.15
2023-03-11,13.196
2023-03-12,11.996
2023-03-13,13.488
2023-03-14,13.119
2023-03-15,13.34
2023-03-16,12.148
2023-03-17,13.194
2023-03-18,13.666
2023-03-19,13.905
2023-03-20,14.364
2023-03-21,13.243
2023-03-22,14.065
2023-03-23,13.038
2023-03-24,13.823
2023-03-25,13.406
2023-03-26,12.997
2023-03-27,14.185
2023-03-28,15.059
2023-03-29,14.302
2023-03-30,14.145
2023-03-31,15.506
2023-04-01,14.635
2023-04-02,14.639
2023-04-03,14.697
2023-04-04,15.79
2023-04-05,14.786
2023-04-06,15.633
2023-04-07,15.654
2023-04-08,14.415
2023-04-09,14.795
2023-04-10,15.73
2023-04-11,15.057
2023-04-12,15.785
2023-04-13,15.621
2023-04-14,15.951
2023-04-15,15.419
2023-04-16,15.963
2023-04-17,15.429
2023-04-18,14.503
2023-04-19,16.47
2023-04-20,15.37
2023-04-21,16.49
2023-04-22,16.429
2023-04-23,16.463
2023-04-24,16.849
2023-04-25,17.402
2023-04-26,16.285
2023-04-27,16.112
2023-04-28,17.194
2023-04-29,17.478
2023-04-30,16.325
2023-05-01,17.26
2023-05-02,17.598
2023-05-03,16.868
2023-05-04,17.387
2023-05-05,17.011
2023-05-06,17.643
2023-05-07,17.308
2023-05-08,17.914
2023-05-09,17.261
2023-05-10,17.605
2023-05-11,18.366
2023-05-12,16.999
2023-05-13,17.62
2023-05-14,18.11
2023-05-15,18.124
2023-05-16,17.891
2023-05-17,17.368
2023-05-18,18.078
2023-05-19,17.762
2023-05-20,17.113
2023-05-21,18.51
2023-05-22,17.543
2023-05-23,18.595
2023-05-24,18.307
2023-05-25,19.031
2023-05-26,18.546
2023-05-27,18.528
2023-05-28,19.11
2023-05-29,19.272
2023-05-30,18.733
2023-05-31,18.337
2023-06-01,19.416
2023-06-02,19.026
2023-06-03,18.918
2023-06-04,18.319
2023-06-05,18.312
2023-06-06,19.383
2023-06-07,18.937
2023-06-08,18.823
2023-06-09,20.125
2023-06-10,18.924
2023-06-11,19.65
2023-06-12,19.704
2023-06-13,19.048
2023-06-14,19.42
2023-06-15,18.281
2023-06-16,18.886
2023-06-17,19.002
2023-06-18,19.558
2023-06-19,20.118
2023-06-20,19.006
2023-06-21,18.894
2023-06-22,18.343
2023-06-23,19.952
2023-06-24,18.779
2023-06-25,18.431
2023-06-26,19.322
2023-06-27,18.922
2023-06-28,18.922
2023-06-29,19.533
2023-06-30,20.066
2023-07-01,18.804
2023-07-02,19.892
2023-07-03,19.689
2023-07-04,19.792
2023-07-05,19.39
2023-07-06,19.305
2023-07-07,19.169
2023-07-08,19.668
2023-07-09,18.556
2023-07-10,19.388
2023-07-11,18.942
2023-07-12,19.144
2023-07-13,19.817
2023-07-14,18.267
2023-07-15,19.724
2023-07-16,18.252
2023-07-17,18.469
2023-07-18,18.602
2023-07-19,18.514
2023-07-20,18.475
2023-07-21,19.15
2023-07-22,18.501
2023-07-23,18.957
2023-07-24,17.716
2023-07-25,18.587
2023-07-26,18.538
2023-07-27,18.808
2023-07-28,18.815
2023-07-29,17.442
2023-07-30,18.564
2023-07-31,18.946
2023-08-01,17.899
2023-08-02,18.842
2023-08-03,18.247
2023-08-04,18.387
2023-08-05,18.022
2023-08-06,17.884
2023-08-07,18.524
2023-08-08,18.118
2023-08-09,16.716
2023-08-10,18.268
2023-08-11,16.812
2023-08-12,17.955
2023-08-13,18.109
2023-08-14,17.566
2023-08-15,17.595
2023-08-16,16.28
2023-08-17,17.766
2023-08-18,17.894
2023-08-19,18.29
2023-08-20,17.417
2023-08-21,17.487
2023-08-22,17.313
2023-08-23,18.239
2023-08-24,17.479
2023-08-25,16.985
2023-08-26,17.398
2023-08-27,17.215
2023-08-28,17.001
2023-08-29,16.345
2023-08-30,17.489
2023-08-31,16.457
2023-09-01,15.944
2023-09-02,16.503
2023-09-03,16.196
2023-09-04,15.393
2023-09-05,16.245
2023-09-06,15.551
2023-09-07,16.049
2023-09-08,16.015
2023-09-09,16.353
2023-09-10,15.71
2023-09-11,15.301
2023-09-12,15.895
2023-09-13,15.906
2023-09-14,14.451
2023-09-15,15.146
2023-09-16,14.881
2023-09-17,15.456
2023-09-18,14.738
2023-09-19,15.071
2023-09-20,14.831
2023-09-21,14.596
2023-09-22,14.826
2023-09-23,14.608
2023-09-24,14.461
2023-09-25,14.484
2023-09-26,14.923
2023-09-27,13.976
2023-09-28,14.419
2023-09-29,13.44
2023-09-30,14.327
2023-10-01,13.788
2023-10-02,14.255
2023-10-03,13.644
2023-10-04,13.271
2023-10-05,13.941
2023-10-06,14.134
2023-10-07,12.884
2023-10-08,12.718
2023-10-09,13.473
2023-10-10,12.398
2023-10-11,12.084
2023-10-12,13.627
2023-10-13,13.003
2023-10-14,12.925
2023-10-15,12.514
2023-10-16,12.125
2023-10-17,12.403
2023-10-18,12.706
2023-10-19,11.739
2023-10-20,11.314
2023-10-21,11.867
2023-10-22,12.14
2023-10-23,11.519
2023-10-24,12.009
2023-10-25,12.51
2023-10-26,11.916
2023-10-27,11.367
2023-10-28,12.242
2023-10-29,11.977
2023-10-30,12.121
2023-10-31,11.671
2023-11-01,10.82
2023-11-02,10.9
2023-11-03,11.456
2023-11-04,12.27
2023-11-05,10.744
2023-11-06,10.877
2023-11-07,11.479
2023-11-08,10.692
2023-11-09,10.386
2023-11-10,10.828
2023-11-11,10.094
2023-11-12,11.114
2023-11-13,11.147
2023-11-14,10.366
2023-11-15,10.512
2023-11-16,10.059
2023-11-17,9.795
2023-11-18,10.044
2023-11-19,10.351
2023-11-20,10.213
2023-11-21,11.061
2023-11-22,9.346
2023-11-23,10.319
2023-11-24,10.747
2023-11-25,10.576
2023-11-26,9.971
2023-11-27,9.79
2023-11-28,10.843
2023-11-29,9.815
2023-11-30,10.289
2023-12-01,10.024
2023-12-02,10.672
2023-12-03,10.169
2023-12-04,9.085
2023-12-05,9.668
2023-12-06,10.203
2023-12-07,9.472
2023-12-08,9.369
2023-12-09,10.166
2023-12-10,9.777
2023-12-11,9.09
2023-12-12,8.854
2023-12-13,9.605
2023-12-14,9.208
2023-12-15,9.934
2023-12-16,9.194
2023-12-17,8.812
2023-12-18,8.992
2023-12-19,9.003
2023-12-20,9.333
2023-12-21,9.198
2023-12-22,9.329
2023-12-23,9.354
2023-12-24,9.05
2023-12-25,8.368
2023-12-26,8.77
2023-12-27,9.768
2023-12-28,8.535
2023-12-29,9.235
2023-12-30,10.048
2023-12-31,8.828
2024-01-01,9.312
